编号,地址,lxfs,lxr,博物馆名字,性质,xzb,yzb
C85C9B1DD64F416985417A2670890992,武汉市黄陂区盘龙城经济开发区叶店村盘龙城,,,武汉市盘龙城遗址博物馆,国有,114.2713836,30.69224458
CBEBF802930941AF922E336852355BA3,江岸区汉口长春街57号,,,八路军武汉办事处旧址纪念馆,国有,114.3094996,30.60621652
C85C9B1DD64F416985417A2670890992,武汉市黄陂区盘龙城经济开发区叶店村盘龙城,,,武汉市盘龙城遗址博物馆,国有,114.2713836,30.69224458
CBEBF802930941AF922E336852355BA3,江岸区汉口长春街57号,,,八路军武汉办事处旧址纪念馆,国有,114.3094996,30.60621652
ED4F52C3A557440B97C62275F63D4368,江岸区中山大道708号南洋大楼三楼,,,武汉国民政府旧址纪念馆,国有,114.2865743,30.57591965
97C42B7792A3406F8D5C4986337459C4,武汉市武昌区彭刘杨路258号,,,辛亥革命博物馆,国有,114.30562,30.53793514
2B7B9A38D8D24E58B5C80CB7D921AFD3,武汉市蔡甸区龙家巷17号,,,武汉市蔡甸区博物馆,国有,114.0328503,30.5859745
5683207845C34BFAAD204F00F7058882,武汉市~口区南泥湾大道99号,,,湖北警察史博物馆,行业,114.2070464,30.60252461
B2C9EA26D5734364BE45579F7A0A810B,武汉市洪山区鲁磨路特1号,,,中国科学院武汉植物博物馆,行业,114.4200288,30.54278322
A0606F47DD4D4079BB52A88695A1596D,利济路90-2号附近,,,汉正街博物馆,行业,114.2741255,30.56747795
9DA1FC258B0A4F4EB7D9106DACC19490,武汉市东风大道816号武汉商业服务学院,,,武汉鄂菜博物馆,高校,114.0878872,30.45626922
73229B192E3A4B32AD0A7EF9D969667F,武汉市东湖风景区听涛景区,,,湖北兰文化博物馆,民办,114.3728409,30.5623762
42592A3999EA4C2C886ABCED4106D87A,武汉市盘龙城开发区盘龙大道20号,,,武汉杨楼子老榨坊博物馆,民办,114.2603502,30.70784589
7A57750A377E4B85BDD4C47C88C6688A,江夏郑店街,,,武汉金楠雅苑金丝楠木博物馆,民办,114.2548106,30.33040481
0B597333AAA049E986A5F7EB484F62DC,蔡甸区,,,武汉侏儒山战役博物馆,民办,113.8272302,30.44652636
ED4F52C3A557440B97C62275F63D4368,江岸区中山大道708号南洋大楼三楼,,,武汉国民政府旧址纪念馆,国有,114.2865743,30.57591965
97C42B7792A3406F8D5C4986337459C4,武汉市武昌区彭刘杨路258号,,,辛亥革命博物馆,国有,114.30562,30.53793514
2B7B9A38D8D24E58B5C80CB7D921AFD3,武汉市蔡甸区龙家巷17号,,,武汉市蔡甸区博物馆,国有,114.0328503,30.5859745
5683207845C34BFAAD204F00F7058882,武汉市~口区南泥湾大道99号,,,湖北警察史博物馆,行业,114.2070464,30.60252461
B2C9EA26D5734364BE45579F7A0A810B,武汉市洪山区鲁磨路特1号,,,中国科学院武汉植物博物馆,行业,114.4200288,30.54278322
A0606F47DD4D4079BB52A88695A1596D,利济路90-2号附近,,,汉正街博物馆,行业,114.2741255,30.56747795
9DA1FC258B0A4F4EB7D9106DACC19490,武汉市东风大道816号武汉商业服务学院,,,武汉鄂菜博物馆,高校,114.0878872,30.45626922
73229B192E3A4B32AD0A7EF9D969667F,武汉市东湖风景区听涛景区,,,湖北兰文化博物馆,民办,114.3728409,30.5623762
42592A3999EA4C2C886ABCED4106D87A,武汉市盘龙城开发区盘龙大道20号,,,武汉杨楼子老榨坊博物馆,民办,114.2603502,30.70784589
7A57750A377E4B85BDD4C47C88C6688A,江夏郑店街,,,武汉金楠雅苑金丝楠木博物馆,民办,114.2548106,30.33040481
0B597333AAA049E986A5F7EB484F62DC,蔡甸区,,,武汉侏儒山战役博物馆,民办,113.8272302,30.44652636
ED4F52C3A557440B97C62275F63D4368,江岸区中山大道708号南洋大楼三楼,,,武汉国民政府旧址纪念馆,国有,114.2865743,30.57591965
97C42B7792A3406F8D5C4986337459C4,武汉市武昌区彭刘杨路258号,,,辛亥革命博物馆,国有,114.30562,30.53793514
2B7B9A38D8D24E58B5C80CB7D921AFD3,武汉市蔡甸区龙家巷17号,,,武汉市蔡甸区博物馆,国有,114.0328503,30.5859745
5683207845C34BFAAD204F00F7058882,武汉市~口区南泥湾大道99号,,,湖北警察史博物馆,行业,114.2070464,30.60252461
B2C9EA26D5734364BE45579F7A0A810B,武汉市洪山区鲁磨路特1号,,,中国科学院武汉植物博物馆,行业,114.4200288,30.54278322
A0606F47DD4D4079BB52A88695A1596D,利济路90-2号附近,,,汉正街博物馆,行业,114.2741255,30.56747795
9DA1FC258B0A4F4EB7D9106DACC19490,武汉市东风大道816号武汉商业服务学院,,,武汉鄂菜博物馆,高校,114.0878872,30.45626922
73229B192E3A4B32AD0A7EF9D969667F,武汉市东湖风景区听涛景区,,,湖北兰文化博物馆,民办,114.3728409,30.5623762
42592A3999EA4C2C886ABCED4106D87A,武汉市盘龙城开发区盘龙大道20号,,,武汉杨楼子老榨坊博物馆,民办,114.2603502,30.70784589
7A57750A377E4B85BDD4C47C88C6688A,江夏郑店街,,,武汉金楠雅苑金丝楠木博物馆,民办,114.2548106,30.33040481
0B597333AAA049E986A5F7EB484F62DC,蔡甸区,,,武汉侏儒山战役博物馆,民办,113.8272302,30.44652636
ED4F52C3A557440B97C62275F63D4368,江岸区中山大道708号南洋大楼三楼,,,武汉国民政府旧址纪念馆,国有,114.2865743,30.57591965
97C42B7792A3406F8D5C4986337459C4,武汉市武昌区彭刘杨路258号,,,辛亥革命博物馆,国有,114.30562,30.53793514
2B7B9A38D8D24E58B5C80CB7D921AFD3,武汉市蔡甸区龙家巷17号,,,武汉市蔡甸区博物馆,国有,114.0328503,30.5859745
5683207845C34BFAAD204F00F7058882,武汉市~口区南泥湾大道99号,,,湖北警察史博物馆,行业,114.2070464,30.60252461
B2C9EA26D5734364BE45579F7A0A810B,武汉市洪山区鲁磨路特1号,,,中国科学院武汉植物博物馆,行业,114.4200288,30.54278322
A0606F47DD4D4079BB52A88695A1596D,利济路90-2号附近,,,汉正街博物馆,行业,114.2741255,30.56747795
9DA1FC258B0A4F4EB7D9106DACC19490,武汉市东风大道816号武汉商业服务学院,,,武汉鄂菜博物馆,高校,114.0878872,30.45626922
73229B192E3A4B32AD0A7EF9D969667F,武汉市东湖风景区听涛景区,,,湖北兰文化博物馆,民办,114.3728409,30.5623762
42592A3999EA4C2C886ABCED4106D87A,武汉市盘龙城开发区盘龙大道20号,,,武汉杨楼子老榨坊博物馆,民办,114.2603502,30.70784589
7A57750A377E4B85BDD4C47C88C6688A,江夏郑店街,,,武汉金楠雅苑金丝楠木博物馆,民办,114.2548106,30.33040481
0B597333AAA049E986A5F7EB484F62DC,蔡甸区,,,武汉侏儒山战役博物馆,民办,113.8272302,30.44652636
ED4F52C3A557440B97C62275F63D4368,江岸区中山大道708号南洋大楼三楼,,,武汉国民政府旧址纪念馆,国有,114.2865743,30.57591965
97C42B7792A3406F8D5C4986337459C4,武汉市武昌区彭刘杨路258号,,,辛亥革命博物馆,国有,114.30562,30.53793514
2B7B9A38D8D24E58B5C80CB7D921AFD3,武汉市蔡甸区龙家巷17号,,,武汉市蔡甸区博物馆,国有,114.0328503,30.5859745
5683207845C34BFAAD204F00F7058882,武汉市~口区南泥湾大道99号,,,湖北警察史博物馆,行业,114.2070464,30.60252461
B2C9EA26D5734364BE45579F7A0A810B,武汉市洪山区鲁磨路特1号,,,中国科学院武汉植物博物馆,行业,114.4200288,30.54278322
A0606F47DD4D4079BB52A88695A1596D,利济路90-2号附近,,,汉正街博物馆,行业,114.2741255,30.56747795
9DA1FC258B0A4F4EB7D9106DACC19490,武汉市东风大道816号武汉商业服务学院,,,武汉鄂菜博物馆,高校,114.0878872,30.45626922
73229B192E3A4B32AD0A7EF9D969667F,武汉市东湖风景区听涛景区,,,湖北兰文化博物馆,民办,114.3728409,30.5623762
42592A3999EA4C2C886ABCED4106D87A,武汉市盘龙城开发区盘龙大道20号,,,武汉杨楼子老榨坊博物馆,民办,114.2603502,30.70784589
7A57750A377E4B85BDD4C47C88C6688A,江夏郑店街,,,武汉金楠雅苑金丝楠木博物馆,民办,114.2548106,30.33040481
0B597333AAA049E986A5F7EB484F62DC,蔡甸区,,,武汉侏儒山战役博物馆,民办,113.8272302,30.44652636
ED4F52C3A557440B97C62275F63D4368,江岸区中山大道708号南洋大楼三楼,,,武汉国民政府旧址纪念馆,国有,114.2865743,30.57591965
97C42B7792A3406F8D5C4986337459C4,武汉市武昌区彭刘杨路258号,,,辛亥革命博物馆,国有,114.30562,30.53793514
2B7B9A38D8D24E58B5C80CB7D921AFD3,武汉市蔡甸区龙家巷17号,,,武汉市蔡甸区博物馆,国有,114.0328503,30.5859745
5683207845C34BFAAD204F00F7058882,武汉市~口区南泥湾大道99号,,,湖北警察史博物馆,行业,114.2070464,30.60252461
B2C9EA26D5734364BE45579F7A0A810B,武汉市洪山区鲁磨路特1号,,,中国科学院武汉植物博物馆,行业,114.4200288,30.54278322
A0606F47DD4D4079BB52A88695A1596D,利济路90-2号附近,,,汉正街博物馆,行业,114.2741255,30.56747795
9DA1FC258B0A4F4EB7D9106DACC19490,武汉市东风大道816号武汉商业服务学院,,,武汉鄂菜博物馆,高校,114.0878872,30.45626922
73229B192E3A4B32AD0A7EF9D969667F,武汉市东湖风景区听涛景区,,,湖北兰文化博物馆,民办,114.3728409,30.5623762
42592A3999EA4C2C886ABCED4106D87A,武汉市盘龙城开发区盘龙大道20号,,,武汉杨楼子老榨坊博物馆,民办,114.2603502,30.70784589
7A57750A377E4B85BDD4C47C88C6688A,江夏郑店街,,,武汉金楠雅苑金丝楠木博物馆,民办,114.2548106,30.33040481
0B597333AAA049E986A5F7EB484F62DC,蔡甸区,,,武汉侏儒山战役博物馆,民办,113.8272302,30.44652636
ED4F52C3A557440B97C62275F63D4368,江岸区中山大道708号南洋大楼三楼,,,武汉国民政府旧址纪念馆,国有,114.2865743,30.57591965
97C42B7792A3406F8D5C4986337459C4,武汉市武昌区彭刘杨路258号,,,辛亥革命博物馆,国有,114.30562,30.53793514
2B7B9A38D8D24E58B5C80CB7D921AFD3,武汉市蔡甸区龙家巷17号,,,武汉市蔡甸区博物馆,国有,114.0328503,30.5859745
5683207845C34BFAAD204F00F7058882,武汉市~口区南泥湾大道99号,,,湖北警察史博物馆,行业,114.2070464,30.60252461
B2C9EA26D5734364BE45579F7A0A810B,武汉市洪山区鲁磨路特1号,,,中国科学院武汉植物博物馆,行业,114.4200288,30.54278322
A0606F47DD4D4079BB52A88695A1596D,利济路90-2号附近,,,汉正街博物馆,行业,114.2741255,30.56747795
9DA1FC258B0A4F4EB7D9106DACC19490,武汉市东风大道816号武汉商业服务学院,,,武汉鄂菜博物馆,高校,114.0878872,30.45626922
73229B192E3A4B32AD0A7EF9D969667F,武汉市东湖风景区听涛景区,,,湖北兰文化博物馆,民办,114.3728409,30.5623762
42592A3999EA4C2C886ABCED4106D87A,武汉市盘龙城开发区盘龙大道20号,,,武汉杨楼子老榨坊博物馆,民办,114.2603502,30.70784589
7A57750A377E4B85BDD4C47C88C6688A,江夏郑店街,,,武汉金楠雅苑金丝楠木博物馆,民办,114.2548106,30.33040481
0B597333AAA049E986A5F7EB484F62DC,蔡甸区,,,武汉侏儒山战役博物馆,民办,113.8272302,30.44652636
ED4F52C3A557440B97C62275F63D4368,江岸区中山大道708号南洋大楼三楼,,,武汉国民政府旧址纪念馆,国有,114.2865743,30.57591965
97C42B7792A3406F8D5C4986337459C4,武汉市武昌区彭刘杨路258号,,,辛亥革命博物馆,国有,114.30562,30.53793514
2B7B9A38D8D24E58B5C80CB7D921AFD3,武汉市蔡甸区龙家巷17号,,,武汉市蔡甸区博物馆,国有,114.0328503,30.5859745
5683207845C34BFAAD204F00F7058882,武汉市~口区南泥湾大道99号,,,湖北警察史博物馆,行业,114.2070464,30.60252461
B2C9EA26D5734364BE45579F7A0A810B,武汉市洪山区鲁磨路特1号,,,中国科学院武汉植物博物馆,行业,114.4200288,30.54278322
A0606F47DD4D4079BB52A88695A1596D,利济路90-2号附近,,,汉正街博物馆,行业,114.2741255,30.56747795
9DA1FC258B0A4F4EB7D9106DACC19490,武汉市东风大道816号武汉商业服务学院,,,武汉鄂菜博物馆,高校,114.0878872,30.45626922
73229B192E3A4B32AD0A7EF9D969667F,武汉市东湖风景区听涛景区,,,湖北兰文化博物馆,民办,114.3728409,30.5623762
42592A3999EA4C2C886ABCED4106D87A,武汉市盘龙城开发区盘龙大道20号,,,武汉杨楼子老榨坊博物馆,民办,114.2603502,30.70784589
7A57750A377E4B85BDD4C47C88C6688A,江夏郑店街,,,武汉金楠雅苑金丝楠木博物馆,民办,114.2548106,30.33040481
0B597333AAA049E986A5F7EB484F62DC,蔡甸区,,,武汉侏儒山战役博物馆,民办,113.8272302,30.44652636
9DA1FC258B0A4F4EB7D9106DACC19490,武汉市东风大道816号武汉商业服务学院,,,武汉鄂菜博物馆,高校,114.0878872,30.45626922
73229B192E3A4B32AD0A7EF9D969667F,武汉市东湖风景区听涛景区,,,湖北兰文化博物馆,民办,114.3728409,30.5623762
42592A3999EA4C2C886ABCED4106D87A,武汉市盘龙城开发区盘龙大道20号,,,武汉杨楼子老榨坊博物馆,民办,114.2603502,30.70784589
7A57750A377E4B85BDD4C47C88C6688A,江夏郑店街,,,武汉金楠雅苑金丝楠木博物馆,民办,114.2548106,30.33040481
0B597333AAA049E986A5F7EB484F62DC,蔡甸区,,,武汉侏儒山战役博物馆,民办,113.8272302,30.44652636
ED4F52C3A557440B97C62275F63D4368,江岸区中山大道708号南洋大楼三楼,,,武汉国民政府旧址纪念馆,国有,114.2865743,30.57591965
97C42B7792A3406F8D5C4986337459C4,武汉市武昌区彭刘杨路258号,,,辛亥革命博物馆,国有,114.30562,30.53793514
2B7B9A38D8D24E58B5C80CB7D921AFD3,武汉市蔡甸区龙家巷17号,,,武汉市蔡甸区博物馆,国有,114.0328503,30.5859745
5683207845C34BFAAD204F00F7058882,武汉市~口区南泥湾大道99号,,,湖北警察史博物馆,行业,114.2070464,30.60252461
B2C9EA26D5734364BE45579F7A0A810B,武汉市洪山区鲁磨路特1号,,,中国科学院武汉植物博物馆,行业,114.4200288,30.54278322
A0606F47DD4D4079BB52A88695A1596D,利济路90-2号附近,,,汉正街博物馆,行业,114.2741255,30.56747795
9DA1FC258B0A4F4EB7D9106DACC19490,武汉市东风大道816号武汉商业服务学院,,,武汉鄂菜博物馆,高校,114.0878872,30.45626922
73229B192E3A4B32AD0A7EF9D969667F,武汉市东湖风景区听涛景区,,,湖北兰文化博物馆,民办,114.3728409,30.5623762
42592A3999EA4C2C886ABCED4106D87A,武汉市盘龙城开发区盘龙大道20号,,,武汉杨楼子老榨坊博物馆,民办,114.2603502,30.70784589
7A57750A377E4B85BDD4C47C88C6688A,江夏郑店街,,,武汉金楠雅苑金丝楠木博物馆,民办,114.2548106,30.33040481
0B597333AAA049E986A5F7EB484F62DC,蔡甸区,,,武汉侏儒山战役博物馆,民办,113.8272302,30.44652636
ED4F52C3A557440B97C62275F63D4368,江岸区中山大道708号南洋大楼三楼,,,武汉国民政府旧址纪念馆,国有,114.2865743,30.57591965
97C42B7792A3406F8D5C4986337459C4,武汉市武昌区彭刘杨路258号,,,辛亥革命博物馆,国有,114.30562,30.53793514
2B7B9A38D8D24E58B5C80CB7D921AFD3,武汉市蔡甸区龙家巷17号,,,武汉市蔡甸区博物馆,国有,114.0328503,30.5859745
5683207845C34BFAAD204F00F7058882,武汉市~口区南泥湾大道99号,,,湖北警察史博物馆,行业,114.2070464,30.60252461
B2C9EA26D5734364BE45579F7A0A810B,武汉市洪山区鲁磨路特1号,,,中国科学院武汉植物博物馆,行业,114.4200288,30.54278322
A0606F47DD4D4079BB52A88695A1596D,利济路90-2号附近,,,汉正街博物馆,行业,114.2741255,30.56747795
9DA1FC258B0A4F4EB7D9106DACC19490,武汉市东风大道816号武汉商业服务学院,,,武汉鄂菜博物馆,高校,114.0878872,30.45626922
73229B192E3A4B32AD0A7EF9D969667F,武汉市东湖风景区听涛景区,,,湖北兰文化博物馆,民办,114.3728409,30.5623762
42592A3999EA4C2C886ABCED4106D87A,武汉市盘龙城开发区盘龙大道20号,,,武汉杨楼子老榨坊博物馆,民办,114.2603502,30.70784589
7A57750A377E4B85BDD4C47C88C6688A,江夏郑店街,,,武汉金楠雅苑金丝楠木博物馆,民办,114.2548106,30.33040481
0B597333AAA049E986A5F7EB484F62DC,蔡甸区,,,武汉侏儒山战役博物馆,民办,113.8272302,30.44652636
ED4F52C3A557440B97C62275F63D4368,江岸区中山大道708号南洋大楼三楼,,,武汉国民政府旧址纪念馆,国有,114.2865743,30.57591965
97C42B7792A3406F8D5C4986337459C4,武汉市武昌区彭刘杨路258号,,,辛亥革命博物馆,国有,114.30562,30.53793514
2B7B9A38D8D24E58B5C80CB7D921AFD3,武汉市蔡甸区龙家巷17号,,,武汉市蔡甸区博物馆,国有,114.0328503,30.5859745
5683207845C34BFAAD204F00F7058882,武汉市~口区南泥湾大道99号,,,湖北警察史博物馆,行业,114.2070464,30.60252461
B2C9EA26D5734364BE45579F7A0A810B,武汉市洪山区鲁磨路特1号,,,中国科学院武汉植物博物馆,行业,114.4200288,30.54278322
A0606F47DD4D4079BB52A88695A1596D,利济路90-2号附近,,,汉正街博物馆,行业,114.2741255,30.56747795
9DA1FC258B0A4F4EB7D9106DACC19490,武汉市东风大道816号武汉商业服务学院,,,武汉鄂菜博物馆,高校,114.0878872,30.45626922
73229B192E3A4B32AD0A7EF9D969667F,武汉市东湖风景区听涛景区,,,湖北兰文化博物馆,民办,114.3728409,30.5623762
42592A3999EA4C2C886ABCED4106D87A,武汉市盘龙城开发区盘龙大道20号,,,武汉杨楼子老榨坊博物馆,民办,114.2603502,30.70784589
7A57750A377E4B85BDD4C47C88C6688A,江夏郑店街,,,武汉金楠雅苑金丝楠木博物馆,民办,114.2548106,30.33040481
0B597333AAA049E986A5F7EB484F62DC,蔡甸区,,,武汉侏儒山战役博物馆,民办,113.8272302,30.44652636
ED4F52C3A557440B97C62275F63D4368,江岸区中山大道708号南洋大楼三楼,,,武汉国民政府旧址纪念馆,国有,114.2865743,30.57591965
97C42B7792A3406F8D5C4986337459C4,武汉市武昌区彭刘杨路258号,,,辛亥革命博物馆,国有,114.30562,30.53793514
2B7B9A38D8D24E58B5C80CB7D921AFD3,武汉市蔡甸区龙家巷17号,,,武汉市蔡甸区博物馆,国有,114.0328503,30.5859745
5683207845C34BFAAD204F00F7058882,武汉市~口区南泥湾大道99号,,,湖北警察史博物馆,行业,114.2070464,30.60252461
B2C9EA26D5734364BE45579F7A0A810B,武汉市洪山区鲁磨路特1号,,,中国科学院武汉植物博物馆,行业,114.4200288,30.54278322
A0606F47DD4D4079BB52A88695A1596D,利济路90-2号附近,,,汉正街博物馆,行业,114.2741255,30.56747795
E6FE11993B134B4C99886A340925BA64,演武街附近,,,湖北省明代藩王博物馆,国有,114.4745297,31.09203418
F7C60DBD6C0A4883942D442AEA48AAE0,汉口青年路373号,,,武汉博物馆,国有,114.2567308,30.61150582
01624E43F0BA4036BE9F419C4336AAA3,武汉市江岸区胜利街332―352号,,,汉口新四军军部旧址纪念馆,国有,114.3109901,30.60641286
E6FE11993B134B4C99886A340925BA64,演武街附近,,,湖北省明代藩王博物馆,国有,114.4745297,31.09203418
F7C60DBD6C0A4883942D442AEA48AAE0,汉口青年路373号,,,武汉博物馆,国有,114.2567308,30.61150582
01624E43F0BA4036BE9F419C4336AAA3,武汉市江岸区胜利街332―352号,,,汉口新四军军部旧址纪念馆,国有,114.3109901,30.60641286
477FD1BE691B4DF6981BF9414CAEE97E,武汉市汉口解放大道2499号,,,武汉二七纪念馆,行业,114.3249001,30.6344141
680EE512D3934E5E9E8819E6A1D397CC,武汉市江汉区税务局大楼六楼,,,武汉税收博物馆,行业,114.2846895,30.60468337
F31CA5B7162F494DAF7C0B18B2D4D85C,武汉市东湖生态旅游风景区听涛景区屈原纪念馆,,,武汉蓝光艺术博物馆,民办,114.3024438,30.58651409
D8B4015616414CA783EFF6BE63204733,武汉市江汉路181号俊华大厦B座31楼,,,武汉大唐陶瓷博物馆,民办,114.2879397,30.58339612
9E5119C28F014572881385E878717E73,武汉市汉阳区江堤中路11号,,,武汉高龙博物馆,民办,114.2478906,30.52989411
5C5EA69FDAEE4BE8A37EF3BE72CBBF78,武汉市东湖新技术开发区流芳街红旗村晏家湾156号,,,武汉长庭陶瓷博物馆,民办,114.2933659,31.15066822
477FD1BE691B4DF6981BF9414CAEE97E,武汉市汉口解放大道2499号,,,武汉二七纪念馆,行业,114.3249001,30.6344141
680EE512D3934E5E9E8819E6A1D397CC,武汉市江汉区税务局大楼六楼,,,武汉税收博物馆,行业,114.2846895,30.60468337
F31CA5B7162F494DAF7C0B18B2D4D85C,武汉市东湖生态旅游风景区听涛景区屈原纪念馆,,,武汉蓝光艺术博物馆,民办,114.3024438,30.58651409
D8B4015616414CA783EFF6BE63204733,武汉市江汉路181号俊华大厦B座31楼,,,武汉大唐陶瓷博物馆,民办,114.2879397,30.58339612
9E5119C28F014572881385E878717E73,武汉市汉阳区江堤中路11号,,,武汉高龙博物馆,民办,114.2478906,30.52989411
5C5EA69FDAEE4BE8A37EF3BE72CBBF78,武汉市东湖新技术开发区流芳街红旗村晏家湾156号,,,武汉长庭陶瓷博物馆,民办,114.2933659,31.15066822
477FD1BE691B4DF6981BF9414CAEE97E,武汉市汉口解放大道2499号,,,武汉二七纪念馆,行业,114.3249001,30.6344141
680EE512D3934E5E9E8819E6A1D397CC,武汉市江汉区税务局大楼六楼,,,武汉税收博物馆,行业,114.2846895,30.60468337
F31CA5B7162F494DAF7C0B18B2D4D85C,武汉市东湖生态旅游风景区听涛景区屈原纪念馆,,,武汉蓝光艺术博物馆,民办,114.3024438,30.58651409
D8B4015616414CA783EFF6BE63204733,武汉市江汉路181号俊华大厦B座31楼,,,武汉大唐陶瓷博物馆,民办,114.2879397,30.58339612
9E5119C28F014572881385E878717E73,武汉市汉阳区江堤中路11号,,,武汉高龙博物馆,民办,114.2478906,30.52989411
5C5EA69FDAEE4BE8A37EF3BE72CBBF78,武汉市东湖新技术开发区流芳街红旗村晏家湾156号,,,武汉长庭陶瓷博物馆,民办,114.2933659,31.15066822
477FD1BE691B4DF6981BF9414CAEE97E,武汉市汉口解放大道2499号,,,武汉二七纪念馆,行业,114.3249001,30.6344141
680EE512D3934E5E9E8819E6A1D397CC,武汉市江汉区税务局大楼六楼,,,武汉税收博物馆,行业,114.2846895,30.60468337
F31CA5B7162F494DAF7C0B18B2D4D85C,武汉市东湖生态旅游风景区听涛景区屈原纪念馆,,,武汉蓝光艺术博物馆,民办,114.3024438,30.58651409
D8B4015616414CA783EFF6BE63204733,武汉市江汉路181号俊华大厦B座31楼,,,武汉大唐陶瓷博物馆,民办,114.2879397,30.58339612
9E5119C28F014572881385E878717E73,武汉市汉阳区江堤中路11号,,,武汉高龙博物馆,民办,114.2478906,30.52989411
5C5EA69FDAEE4BE8A37EF3BE72CBBF78,武汉市东湖新技术开发区流芳街红旗村晏家湾156号,,,武汉长庭陶瓷博物馆,民办,114.2933659,31.15066822
477FD1BE691B4DF6981BF9414CAEE97E,武汉市汉口解放大道2499号,,,武汉二七纪念馆,行业,114.3249001,30.6344141
680EE512D3934E5E9E8819E6A1D397CC,武汉市江汉区税务局大楼六楼,,,武汉税收博物馆,行业,114.2846895,30.60468337
F31CA5B7162F494DAF7C0B18B2D4D85C,武汉市东湖生态旅游风景区听涛景区屈原纪念馆,,,武汉蓝光艺术博物馆,民办,114.3024438,30.58651409
D8B4015616414CA783EFF6BE63204733,武汉市江汉路181号俊华大厦B座31楼,,,武汉大唐陶瓷博物馆,民办,114.2879397,30.58339612
9E5119C28F014572881385E878717E73,武汉市汉阳区江堤中路11号,,,武汉高龙博物馆,民办,114.2478906,30.52989411
5C5EA69FDAEE4BE8A37EF3BE72CBBF78,武汉市东湖新技术开发区流芳街红旗村晏家湾156号,,,武汉长庭陶瓷博物馆,民办,114.2933659,31.15066822
477FD1BE691B4DF6981BF9414CAEE97E,武汉市汉口解放大道2499号,,,武汉二七纪念馆,行业,114.3249001,30.6344141
680EE512D3934E5E9E8819E6A1D397CC,武汉市江汉区税务局大楼六楼,,,武汉税收博物馆,行业,114.2846895,30.60468337
F31CA5B7162F494DAF7C0B18B2D4D85C,武汉市东湖生态旅游风景区听涛景区屈原纪念馆,,,武汉蓝光艺术博物馆,民办,114.3024438,30.58651409
D8B4015616414CA783EFF6BE63204733,武汉市江汉路181号俊华大厦B座31楼,,,武汉大唐陶瓷博物馆,民办,114.2879397,30.58339612
9E5119C28F014572881385E878717E73,武汉市汉阳区江堤中路11号,,,武汉高龙博物馆,民办,114.2478906,30.52989411
5C5EA69FDAEE4BE8A37EF3BE72CBBF78,武汉市东湖新技术开发区流芳街红旗村晏家湾156号,,,武汉长庭陶瓷博物馆,民办,114.2933659,31.15066822
477FD1BE691B4DF6981BF9414CAEE97E,武汉市汉口解放大道2499号,,,武汉二七纪念馆,行业,114.3249001,30.6344141
680EE512D3934E5E9E8819E6A1D397CC,武汉市江汉区税务局大楼六楼,,,武汉税收博物馆,行业,114.2846895,30.60468337
F31CA5B7162F494DAF7C0B18B2D4D85C,武汉市东湖生态旅游风景区听涛景区屈原纪念馆,,,武汉蓝光艺术博物馆,民办,114.3024438,30.58651409
D8B4015616414CA783EFF6BE63204733,武汉市江汉路181号俊华大厦B座31楼,,,武汉大唐陶瓷博物馆,民办,114.2879397,30.58339612
9E5119C28F014572881385E878717E73,武汉市汉阳区江堤中路11号,,,武汉高龙博物馆,民办,114.2478906,30.52989411
5C5EA69FDAEE4BE8A37EF3BE72CBBF78,武汉市东湖新技术开发区流芳街红旗村晏家湾156号,,,武汉长庭陶瓷博物馆,民办,114.2933659,31.15066822
477FD1BE691B4DF6981BF9414CAEE97E,武汉市汉口解放大道2499号,,,武汉二七纪念馆,行业,114.3249001,30.6344141
680EE512D3934E5E9E8819E6A1D397CC,武汉市江汉区税务局大楼六楼,,,武汉税收博物馆,行业,114.2846895,30.60468337
F31CA5B7162F494DAF7C0B18B2D4D85C,武汉市东湖生态旅游风景区听涛景区屈原纪念馆,,,武汉蓝光艺术博物馆,民办,114.3024438,30.58651409
D8B4015616414CA783EFF6BE63204733,武汉市江汉路181号俊华大厦B座31楼,,,武汉大唐陶瓷博物馆,民办,114.2879397,30.58339612
9E5119C28F014572881385E878717E73,武汉市汉阳区江堤中路11号,,,武汉高龙博物馆,民办,114.2478906,30.52989411
5C5EA69FDAEE4BE8A37EF3BE72CBBF78,武汉市东湖新技术开发区流芳街红旗村晏家湾156号,,,武汉长庭陶瓷博物馆,民办,114.2933659,31.15066822
477FD1BE691B4DF6981BF9414CAEE97E,武汉市汉口解放大道2499号,,,武汉二七纪念馆,行业,114.3249001,30.6344141
680EE512D3934E5E9E8819E6A1D397CC,武汉市江汉区税务局大楼六楼,,,武汉税收博物馆,行业,114.2846895,30.60468337
F31CA5B7162F494DAF7C0B18B2D4D85C,武汉市东湖生态旅游风景区听涛景区屈原纪念馆,,,武汉蓝光艺术博物馆,民办,114.3024438,30.58651409
D8B4015616414CA783EFF6BE63204733,武汉市江汉路181号俊华大厦B座31楼,,,武汉大唐陶瓷博物馆,民办,114.2879397,30.58339612
9E5119C28F014572881385E878717E73,武汉市汉阳区江堤中路11号,,,武汉高龙博物馆,民办,114.2478906,30.52989411
5C5EA69FDAEE4BE8A37EF3BE72CBBF78,武汉市东湖新技术开发区流芳街红旗村晏家湾156号,,,武汉长庭陶瓷博物馆,民办,114.2933659,31.15066822
477FD1BE691B4DF6981BF9414CAEE97E,武汉市汉口解放大道2499号,,,武汉二七纪念馆,行业,114.3249001,30.6344141
680EE512D3934E5E9E8819E6A1D397CC,武汉市江汉区税务局大楼六楼,,,武汉税收博物馆,行业,114.2846895,30.60468337
F31CA5B7162F494DAF7C0B18B2D4D85C,武汉市东湖生态旅游风景区听涛景区屈原纪念馆,,,武汉蓝光艺术博物馆,民办,114.3024438,30.58651409
D8B4015616414CA783EFF6BE63204733,武汉市江汉路181号俊华大厦B座31楼,,,武汉大唐陶瓷博物馆,民办,114.2879397,30.58339612
9E5119C28F014572881385E878717E73,武汉市汉阳区江堤中路11号,,,武汉高龙博物馆,民办,114.2478906,30.52989411
5C5EA69FDAEE4BE8A37EF3BE72CBBF78,武汉市东湖新技术开发区流芳街红旗村晏家湾156号,,,武汉长庭陶瓷博物馆,民办,114.2933659,31.15066822
477FD1BE691B4DF6981BF9414CAEE97E,武汉市汉口解放大道2499号,,,武汉二七纪念馆,行业,114.3249001,30.6344141
680EE512D3934E5E9E8819E6A1D397CC,武汉市江汉区税务局大楼六楼,,,武汉税收博物馆,行业,114.2846895,30.60468337
F31CA5B7162F494DAF7C0B18B2D4D85C,武汉市东湖生态旅游风景区听涛景区屈原纪念馆,,,武汉蓝光艺术博物馆,民办,114.3024438,30.58651409
D8B4015616414CA783EFF6BE63204733,武汉市江汉路181号俊华大厦B座31楼,,,武汉大唐陶瓷博物馆,民办,114.2879397,30.58339612
9E5119C28F014572881385E878717E73,武汉市汉阳区江堤中路11号,,,武汉高龙博物馆,民办,114.2478906,30.52989411
5C5EA69FDAEE4BE8A37EF3BE72CBBF78,武汉市东湖新技术开发区流芳街红旗村晏家湾156号,,,武汉长庭陶瓷博物馆,民办,114.2933659,31.15066822
477FD1BE691B4DF6981BF9414CAEE97E,武汉市汉口解放大道2499号,,,武汉二七纪念馆,行业,114.3249001,30.6344141
680EE512D3934E5E9E8819E6A1D397CC,武汉市江汉区税务局大楼六楼,,,武汉税收博物馆,行业,114.2846895,30.60468337
F31CA5B7162F494DAF7C0B18B2D4D85C,武汉市东湖生态旅游风景区听涛景区屈原纪念馆,,,武汉蓝光艺术博物馆,民办,114.3024438,30.58651409
D8B4015616414CA783EFF6BE63204733,武汉市江汉路181号俊华大厦B座31楼,,,武汉大唐陶瓷博物馆,民办,114.2879397,30.58339612
9E5119C28F014572881385E878717E73,武汉市汉阳区江堤中路11号,,,武汉高龙博物馆,民办,114.2478906,30.52989411
5C5EA69FDAEE4BE8A37EF3BE72CBBF78,武汉市东湖新技术开发区流芳街红旗村晏家湾156号,,,武汉长庭陶瓷博物馆,民办,114.2933659,31.15066822
FCB93DA86B98460F848B6AAEBEFA44DF,武汉市武昌都府堤41号,,,武昌毛泽东旧居陈列馆,国有,114.298882,30.5513265
FCB93DA86B98460F848B6AAEBEFA44DF,武汉市武昌都府堤41号,,,武昌毛泽东旧居陈列馆,国有,114.298882,30.5513265
77901CFB00464E8DA93A6E3EC7806850,新洲区邾城街博物大道北端“新徐”公路路口,,,武汉市新洲区博物馆,国有,114.8186556,30.84460596
2514BD0D6003412EAD48D5D3BD7CAA0D,武昌区人行武汉分行办公大楼三楼,,,湖北钱币博物馆,行业,114.3355713,30.54297912
72BC4354358443E1A2E2C1106E607908,武汉市武昌区涂家沟210号,,,武汉禁毒教育基地,行业,114.304935,30.51853235
22C2C8308FFB44E49D95D0FABB247542,古田一路28号丰硕路28号,,,武汉~口民族工业博物馆,行业,114.1922505,30.60651219
6BD3CFF704ED4BA1B3BF95B1B3AA03E5,翠微路61号,,,武汉奇石文化博物馆,行业,114.2615362,30.5456267
886F92C8442A434A86E41F19AFECE272,武汉市武昌区东湖路181号,,,湖北佳和当代艺术博物馆,民办,114.3655909,30.56619703
B3438C38DCCD4E529C8201294F0F6CB0,武汉市洪山区张家湾长征新农村122号,,,武汉青菱文农艺术博物馆,民办,114.277923,30.48114257
FE8CB19A61624DBDB4B2BE1D15035B29,武汉市汉阳区江堤中路11号,,,武汉汉绣博物馆,民办,114.2463609,30.53062306
00CA42EC333C4BD79834DC9ABB2B0B3E,洪山区街道口,,,武汉益合当代艺术博物馆,民办,114.3541496,30.52739559
77901CFB00464E8DA93A6E3EC7806850,新洲区邾城街博物大道北端“新徐”公路路口,,,武汉市新洲区博物馆,国有,114.8186556,30.84460596
2514BD0D6003412EAD48D5D3BD7CAA0D,武昌区人行武汉分行办公大楼三楼,,,湖北钱币博物馆,行业,114.3355713,30.54297912
72BC4354358443E1A2E2C1106E607908,武汉市武昌区涂家沟210号,,,武汉禁毒教育基地,行业,114.304935,30.51853235
22C2C8308FFB44E49D95D0FABB247542,古田一路28号丰硕路28号,,,武汉~口民族工业博物馆,行业,114.1922505,30.60651219
6BD3CFF704ED4BA1B3BF95B1B3AA03E5,翠微路61号,,,武汉奇石文化博物馆,行业,114.2615362,30.5456267
886F92C8442A434A86E41F19AFECE272,武汉市武昌区东湖路181号,,,湖北佳和当代艺术博物馆,民办,114.3655909,30.56619703
B3438C38DCCD4E529C8201294F0F6CB0,武汉市洪山区张家湾长征新农村122号,,,武汉青菱文农艺术博物馆,民办,114.277923,30.48114257
FE8CB19A61624DBDB4B2BE1D15035B29,武汉市汉阳区江堤中路11号,,,武汉汉绣博物馆,民办,114.2463609,30.53062306
00CA42EC333C4BD79834DC9ABB2B0B3E,洪山区街道口,,,武汉益合当代艺术博物馆,民办,114.3541496,30.52739559
77901CFB00464E8DA93A6E3EC7806850,新洲区邾城街博物大道北端“新徐”公路路口,,,武汉市新洲区博物馆,国有,114.8186556,30.84460596
2514BD0D6003412EAD48D5D3BD7CAA0D,武昌区人行武汉分行办公大楼三楼,,,湖北钱币博物馆,行业,114.3355713,30.54297912
72BC4354358443E1A2E2C1106E607908,武汉市武昌区涂家沟210号,,,武汉禁毒教育基地,行业,114.304935,30.51853235
22C2C8308FFB44E49D95D0FABB247542,古田一路28号丰硕路28号,,,武汉~口民族工业博物馆,行业,114.1922505,30.60651219
6BD3CFF704ED4BA1B3BF95B1B3AA03E5,翠微路61号,,,武汉奇石文化博物馆,行业,114.2615362,30.5456267
886F92C8442A434A86E41F19AFECE272,武汉市武昌区东湖路181号,,,湖北佳和当代艺术博物馆,民办,114.3655909,30.56619703
B3438C38DCCD4E529C8201294F0F6CB0,武汉市洪山区张家湾长征新农村122号,,,武汉青菱文农艺术博物馆,民办,114.277923,30.48114257
FE8CB19A61624DBDB4B2BE1D15035B29,武汉市汉阳区江堤中路11号,,,武汉汉绣博物馆,民办,114.2463609,30.53062306
00CA42EC333C4BD79834DC9ABB2B0B3E,洪山区街道口,,,武汉益合当代艺术博物馆,民办,114.3541496,30.52739559
77901CFB00464E8DA93A6E3EC7806850,新洲区邾城街博物大道北端“新徐”公路路口,,,武汉市新洲区博物馆,国有,114.8186556,30.84460596
2514BD0D6003412EAD48D5D3BD7CAA0D,武昌区人行武汉分行办公大楼三楼,,,湖北钱币博物馆,行业,114.3355713,30.54297912
72BC4354358443E1A2E2C1106E607908,武汉市武昌区涂家沟210号,,,武汉禁毒教育基地,行业,114.304935,30.51853235
22C2C8308FFB44E49D95D0FABB247542,古田一路28号丰硕路28号,,,武汉~口民族工业博物馆,行业,114.1922505,30.60651219
6BD3CFF704ED4BA1B3BF95B1B3AA03E5,翠微路61号,,,武汉奇石文化博物馆,行业,114.2615362,30.5456267
886F92C8442A434A86E41F19AFECE272,武汉市武昌区东湖路181号,,,湖北佳和当代艺术博物馆,民办,114.3655909,30.56619703
B3438C38DCCD4E529C8201294F0F6CB0,武汉市洪山区张家湾长征新农村122号,,,武汉青菱文农艺术博物馆,民办,114.277923,30.48114257
FE8CB19A61624DBDB4B2BE1D15035B29,武汉市汉阳区江堤中路11号,,,武汉汉绣博物馆,民办,114.2463609,30.53062306
00CA42EC333C4BD79834DC9ABB2B0B3E,洪山区街道口,,,武汉益合当代艺术博物馆,民办,114.3541496,30.52739559
77901CFB00464E8DA93A6E3EC7806850,新洲区邾城街博物大道北端“新徐”公路路口,,,武汉市新洲区博物馆,国有,114.8186556,30.84460596
2514BD0D6003412EAD48D5D3BD7CAA0D,武昌区人行武汉分行办公大楼三楼,,,湖北钱币博物馆,行业,114.3355713,30.54297912
72BC4354358443E1A2E2C1106E607908,武汉市武昌区涂家沟210号,,,武汉禁毒教育基地,行业,114.304935,30.51853235
22C2C8308FFB44E49D95D0FABB247542,古田一路28号丰硕路28号,,,武汉~口民族工业博物馆,行业,114.1922505,30.60651219
6BD3CFF704ED4BA1B3BF95B1B3AA03E5,翠微路61号,,,武汉奇石文化博物馆,行业,114.2615362,30.5456267
22C2C8308FFB44E49D95D0FABB247542,古田一路28号丰硕路28号,,,武汉~口民族工业博物馆,行业,114.1922505,30.60651219
6BD3CFF704ED4BA1B3BF95B1B3AA03E5,翠微路61号,,,武汉奇石文化博物馆,行业,114.2615362,30.5456267
886F92C8442A434A86E41F19AFECE272,武汉市武昌区东湖路181号,,,湖北佳和当代艺术博物馆,民办,114.3655909,30.56619703
B3438C38DCCD4E529C8201294F0F6CB0,武汉市洪山区张家湾长征新农村122号,,,武汉青菱文农艺术博物馆,民办,114.277923,30.48114257
FE8CB19A61624DBDB4B2BE1D15035B29,武汉市汉阳区江堤中路11号,,,武汉汉绣博物馆,民办,114.2463609,30.53062306
00CA42EC333C4BD79834DC9ABB2B0B3E,洪山区街道口,,,武汉益合当代艺术博物馆,民办,114.3541496,30.52739559
77901CFB00464E8DA93A6E3EC7806850,新洲区邾城街博物大道北端“新徐”公路路口,,,武汉市新洲区博物馆,国有,114.8186556,30.84460596
2514BD0D6003412EAD48D5D3BD7CAA0D,武昌区人行武汉分行办公大楼三楼,,,湖北钱币博物馆,行业,114.3355713,30.54297912
72BC4354358443E1A2E2C1106E607908,武汉市武昌区涂家沟210号,,,武汉禁毒教育基地,行业,114.304935,30.51853235
22C2C8308FFB44E49D95D0FABB247542,古田一路28号丰硕路28号,,,武汉~口民族工业博物馆,行业,114.1922505,30.60651219
6BD3CFF704ED4BA1B3BF95B1B3AA03E5,翠微路61号,,,武汉奇石文化博物馆,行业,114.2615362,30.5456267
886F92C8442A434A86E41F19AFECE272,武汉市武昌区东湖路181号,,,湖北佳和当代艺术博物馆,民办,114.3655909,30.56619703
B3438C38DCCD4E529C8201294F0F6CB0,武汉市洪山区张家湾长征新农村122号,,,武汉青菱文农艺术博物馆,民办,114.277923,30.48114257
FE8CB19A61624DBDB4B2BE1D15035B29,武汉市汉阳区江堤中路11号,,,武汉汉绣博物馆,民办,114.2463609,30.53062306
00CA42EC333C4BD79834DC9ABB2B0B3E,洪山区街道口,,,武汉益合当代艺术博物馆,民办,114.3541496,30.52739559
77901CFB00464E8DA93A6E3EC7806850,新洲区邾城街博物大道北端“新徐”公路路口,,,武汉市新洲区博物馆,国有,114.8186556,30.84460596
2514BD0D6003412EAD48D5D3BD7CAA0D,武昌区人行武汉分行办公大楼三楼,,,湖北钱币博物馆,行业,114.3355713,30.54297912
72BC4354358443E1A2E2C1106E607908,武汉市武昌区涂家沟210号,,,武汉禁毒教育基地,行业,114.304935,30.51853235
22C2C8308FFB44E49D95D0FABB247542,古田一路28号丰硕路28号,,,武汉~口民族工业博物馆,行业,114.1922505,30.60651219
6BD3CFF704ED4BA1B3BF95B1B3AA03E5,翠微路61号,,,武汉奇石文化博物馆,行业,114.2615362,30.5456267
886F92C8442A434A86E41F19AFECE272,武汉市武昌区东湖路181号,,,湖北佳和当代艺术博物馆,民办,114.3655909,30.56619703
B3438C38DCCD4E529C8201294F0F6CB0,武汉市洪山区张家湾长征新农村122号,,,武汉青菱文农艺术博物馆,民办,114.277923,30.48114257
FE8CB19A61624DBDB4B2BE1D15035B29,武汉市汉阳区江堤中路11号,,,武汉汉绣博物馆,民办,114.2463609,30.53062306
00CA42EC333C4BD79834DC9ABB2B0B3E,洪山区街道口,,,武汉益合当代艺术博物馆,民办,114.3541496,30.52739559
886F92C8442A434A86E41F19AFECE272,武汉市武昌区东湖路181号,,,湖北佳和当代艺术博物馆,民办,114.3655909,30.56619703
B3438C38DCCD4E529C8201294F0F6CB0,武汉市洪山区张家湾长征新农村122号,,,武汉青菱文农艺术博物馆,民办,114.277923,30.48114257
FE8CB19A61624DBDB4B2BE1D15035B29,武汉市汉阳区江堤中路11号,,,武汉汉绣博物馆,民办,114.2463609,30.53062306
00CA42EC333C4BD79834DC9ABB2B0B3E,洪山区街道口,,,武汉益合当代艺术博物馆,民办,114.3541496,30.52739559
77901CFB00464E8DA93A6E3EC7806850,新洲区邾城街博物大道北端“新徐”公路路口,,,武汉市新洲区博物馆,国有,114.8186556,30.84460596
2514BD0D6003412EAD48D5D3BD7CAA0D,武昌区人行武汉分行办公大楼三楼,,,湖北钱币博物馆,行业,114.3355713,30.54297912
72BC4354358443E1A2E2C1106E607908,武汉市武昌区涂家沟210号,,,武汉禁毒教育基地,行业,114.304935,30.51853235
22C2C8308FFB44E49D95D0FABB247542,古田一路28号丰硕路28号,,,武汉~口民族工业博物馆,行业,114.1922505,30.60651219
6BD3CFF704ED4BA1B3BF95B1B3AA03E5,翠微路61号,,,武汉奇石文化博物馆,行业,114.2615362,30.5456267
886F92C8442A434A86E41F19AFECE272,武汉市武昌区东湖路181号,,,湖北佳和当代艺术博物馆,民办,114.3655909,30.56619703
B3438C38DCCD4E529C8201294F0F6CB0,武汉市洪山区张家湾长征新农村122号,,,武汉青菱文农艺术博物馆,民办,114.277923,30.48114257
FE8CB19A61624DBDB4B2BE1D15035B29,武汉市汉阳区江堤中路11号,,,武汉汉绣博物馆,民办,114.2463609,30.53062306
00CA42EC333C4BD79834DC9ABB2B0B3E,洪山区街道口,,,武汉益合当代艺术博物馆,民办,114.3541496,30.52739559
77901CFB00464E8DA93A6E3EC7806850,新洲区邾城街博物大道北端“新徐”公路路口,,,武汉市新洲区博物馆,国有,114.8186556,30.84460596
2514BD0D6003412EAD48D5D3BD7CAA0D,武昌区人行武汉分行办公大楼三楼,,,湖北钱币博物馆,行业,114.3355713,30.54297912
72BC4354358443E1A2E2C1106E607908,武汉市武昌区涂家沟210号,,,武汉禁毒教育基地,行业,114.304935,30.51853235
22C2C8308FFB44E49D95D0FABB247542,古田一路28号丰硕路28号,,,武汉~口民族工业博物馆,行业,114.1922505,30.60651219
6BD3CFF704ED4BA1B3BF95B1B3AA03E5,翠微路61号,,,武汉奇石文化博物馆,行业,114.2615362,30.5456267
886F92C8442A434A86E41F19AFECE272,武汉市武昌区东湖路181号,,,湖北佳和当代艺术博物馆,民办,114.3655909,30.56619703
B3438C38DCCD4E529C8201294F0F6CB0,武汉市洪山区张家湾长征新农村122号,,,武汉青菱文农艺术博物馆,民办,114.277923,30.48114257
FE8CB19A61624DBDB4B2BE1D15035B29,武汉市汉阳区江堤中路11号,,,武汉汉绣博物馆,民办,114.2463609,30.53062306
00CA42EC333C4BD79834DC9ABB2B0B3E,洪山区街道口,,,武汉益合当代艺术博物馆,民办,114.3541496,30.52739559
77901CFB00464E8DA93A6E3EC7806850,新洲区邾城街博物大道北端“新徐”公路路口,,,武汉市新洲区博物馆,国有,114.8186556,30.84460596
2514BD0D6003412EAD48D5D3BD7CAA0D,武昌区人行武汉分行办公大楼三楼,,,湖北钱币博物馆,行业,114.3355713,30.54297912
72BC4354358443E1A2E2C1106E607908,武汉市武昌区涂家沟210号,,,武汉禁毒教育基地,行业,114.304935,30.51853235
22C2C8308FFB44E49D95D0FABB247542,古田一路28号丰硕路28号,,,武汉~口民族工业博物馆,行业,114.1922505,30.60651219
6BD3CFF704ED4BA1B3BF95B1B3AA03E5,翠微路61号,,,武汉奇石文化博物馆,行业,114.2615362,30.5456267
886F92C8442A434A86E41F19AFECE272,武汉市武昌区东湖路181号,,,湖北佳和当代艺术博物馆,民办,114.3655909,30.56619703
B3438C38DCCD4E529C8201294F0F6CB0,武汉市洪山区张家湾长征新农村122号,,,武汉青菱文农艺术博物馆,民办,114.277923,30.48114257
FE8CB19A61624DBDB4B2BE1D15035B29,武汉市汉阳区江堤中路11号,,,武汉汉绣博物馆,民办,114.2463609,30.53062306
00CA42EC333C4BD79834DC9ABB2B0B3E,洪山区街道口,,,武汉益合当代艺术博物馆,民办,114.3541496,30.52739559
77901CFB00464E8DA93A6E3EC7806850,新洲区邾城街博物大道北端“新徐”公路路口,,,武汉市新洲区博物馆,国有,114.8186556,30.84460596
2514BD0D6003412EAD48D5D3BD7CAA0D,武昌区人行武汉分行办公大楼三楼,,,湖北钱币博物馆,行业,114.3355713,30.54297912
72BC4354358443E1A2E2C1106E607908,武汉市武昌区涂家沟210号,,,武汉禁毒教育基地,行业,114.304935,30.51853235
22C2C8308FFB44E49D95D0FABB247542,古田一路28号丰硕路28号,,,武汉~口民族工业博物馆,行业,114.1922505,30.60651219
6BD3CFF704ED4BA1B3BF95B1B3AA03E5,翠微路61号,,,武汉奇石文化博物馆,行业,114.2615362,30.5456267
886F92C8442A434A86E41F19AFECE272,武汉市武昌区东湖路181号,,,湖北佳和当代艺术博物馆,民办,114.3655909,30.56619703
B3438C38DCCD4E529C8201294F0F6CB0,武汉市洪山区张家湾长征新农村122号,,,武汉青菱文农艺术博物馆,民办,114.277923,30.48114257
FE8CB19A61624DBDB4B2BE1D15035B29,武汉市汉阳区江堤中路11号,,,武汉汉绣博物馆,民办,114.2463609,30.53062306
00CA42EC333C4BD79834DC9ABB2B0B3E,洪山区街道口,,,武汉益合当代艺术博物馆,民办,114.3541496,30.52739559
77901CFB00464E8DA93A6E3EC7806850,新洲区邾城街博物大道北端“新徐”公路路口,,,武汉市新洲区博物馆,国有,114.8186556,30.84460596
2514BD0D6003412EAD48D5D3BD7CAA0D,武昌区人行武汉分行办公大楼三楼,,,湖北钱币博物馆,行业,114.3355713,30.54297912
72BC4354358443E1A2E2C1106E607908,武汉市武昌区涂家沟210号,,,武汉禁毒教育基地,行业,114.304935,30.51853235
340B45C5A05F4E3AB7419ECE48FD9706,湖北省武汉市武昌区东湖路156号,,,湖北省博物馆,国有,114.3649655,30.56204279
5DAF7101FAB247B9BD2210B6E880E72D,武汉市武昌东湖路三官殿1号,,,湖北艺术博物馆,国有,114.36507,30.56378541
A1243E65ECD049B4B5975E156042AEA4,武汉市武昌都府堤20号,,,中国共产党第五次全国代表大会会址纪念馆,国有,114.2567308,30.61150582
340B45C5A05F4E3AB7419ECE48FD9706,湖北省武汉市武昌区东湖路156号,,,湖北省博物馆,国有,114.3649655,30.56204279
5DAF7101FAB247B9BD2210B6E880E72D,武汉市武昌东湖路三官殿1号,,,湖北艺术博物馆,国有,114.36507,30.56378541
A1243E65ECD049B4B5975E156042AEA4,武汉市武昌都府堤20号,,,中国共产党第五次全国代表大会会址纪念馆,国有,114.2567308,30.61150582
EA31BDBC73FC47988415985869AAFC72,江夏区金口街中山舰路特一号,,,武汉市中山舰博物馆,国有,114.1361584,30.34960322
AF2AA3CEB6724D339AF7C0EBEA24659D,武汉市汉南区汉南大道635号,,,武汉市汉南区博物馆,国有,114.0863799,30.31562995
A195C90C6D16482FBA3BAD6820701700,武汉市汉阳区显正街122号,,,武汉白求恩纪念馆,行业,114.2710498,30.54798864
91B15EF74F2842A7B8E46E8200BEAA46,武汉市洪山区民族大道708号,,,中南民族大学民族学博物馆,高校,114.3893801,30.48281875
1CD083807C8C4603815E341648EB4DD9,黄陂大余湾,,,武汉大余湾社区博物馆,民办,114.3645206,31.01772878
EA31BDBC73FC47988415985869AAFC72,江夏区金口街中山舰路特一号,,,武汉市中山舰博物馆,国有,114.1361584,30.34960322
AF2AA3CEB6724D339AF7C0EBEA24659D,武汉市汉南区汉南大道635号,,,武汉市汉南区博物馆,国有,114.0863799,30.31562995
A195C90C6D16482FBA3BAD6820701700,武汉市汉阳区显正街122号,,,武汉白求恩纪念馆,行业,114.2710498,30.54798864
91B15EF74F2842A7B8E46E8200BEAA46,武汉市洪山区民族大道708号,,,中南民族大学民族学博物馆,高校,114.3893801,30.48281875
1CD083807C8C4603815E341648EB4DD9,黄陂大余湾,,,武汉大余湾社区博物馆,民办,114.3645206,31.01772878
EA31BDBC73FC47988415985869AAFC72,江夏区金口街中山舰路特一号,,,武汉市中山舰博物馆,国有,114.1361584,30.34960322
AF2AA3CEB6724D339AF7C0EBEA24659D,武汉市汉南区汉南大道635号,,,武汉市汉南区博物馆,国有,114.0863799,30.31562995
A195C90C6D16482FBA3BAD6820701700,武汉市汉阳区显正街122号,,,武汉白求恩纪念馆,行业,114.2710498,30.54798864
91B15EF74F2842A7B8E46E8200BEAA46,武汉市洪山区民族大道708号,,,中南民族大学民族学博物馆,高校,114.3893801,30.48281875
1CD083807C8C4603815E341648EB4DD9,黄陂大余湾,,,武汉大余湾社区博物馆,民办,114.3645206,31.01772878
EA31BDBC73FC47988415985869AAFC72,江夏区金口街中山舰路特一号,,,武汉市中山舰博物馆,国有,114.1361584,30.34960322
AF2AA3CEB6724D339AF7C0EBEA24659D,武汉市汉南区汉南大道635号,,,武汉市汉南区博物馆,国有,114.0863799,30.31562995
A195C90C6D16482FBA3BAD6820701700,武汉市汉阳区显正街122号,,,武汉白求恩纪念馆,行业,114.2710498,30.54798864
91B15EF74F2842A7B8E46E8200BEAA46,武汉市洪山区民族大道708号,,,中南民族大学民族学博物馆,高校,114.3893801,30.48281875
1CD083807C8C4603815E341648EB4DD9,黄陂大余湾,,,武汉大余湾社区博物馆,民办,114.3645206,31.01772878
EA31BDBC73FC47988415985869AAFC72,江夏区金口街中山舰路特一号,,,武汉市中山舰博物馆,国有,114.1361584,30.34960322
AF2AA3CEB6724D339AF7C0EBEA24659D,武汉市汉南区汉南大道635号,,,武汉市汉南区博物馆,国有,114.0863799,30.31562995
A195C90C6D16482FBA3BAD6820701700,武汉市汉阳区显正街122号,,,武汉白求恩纪念馆,行业,114.2710498,30.54798864
91B15EF74F2842A7B8E46E8200BEAA46,武汉市洪山区民族大道708号,,,中南民族大学民族学博物馆,高校,114.3893801,30.48281875
1CD083807C8C4603815E341648EB4DD9,黄陂大余湾,,,武汉大余湾社区博物馆,民办,114.3645206,31.01772878
EA31BDBC73FC47988415985869AAFC72,江夏区金口街中山舰路特一号,,,武汉市中山舰博物馆,国有,114.1361584,30.34960322
AF2AA3CEB6724D339AF7C0EBEA24659D,武汉市汉南区汉南大道635号,,,武汉市汉南区博物馆,国有,114.0863799,30.31562995
A195C90C6D16482FBA3BAD6820701700,武汉市汉阳区显正街122号,,,武汉白求恩纪念馆,行业,114.2710498,30.54798864
91B15EF74F2842A7B8E46E8200BEAA46,武汉市洪山区民族大道708号,,,中南民族大学民族学博物馆,高校,114.3893801,30.48281875
1CD083807C8C4603815E341648EB4DD9,黄陂大余湾,,,武汉大余湾社区博物馆,民办,114.3645206,31.01772878
EA31BDBC73FC47988415985869AAFC72,江夏区金口街中山舰路特一号,,,武汉市中山舰博物馆,国有,114.1361584,30.34960322
AF2AA3CEB6724D339AF7C0EBEA24659D,武汉市汉南区汉南大道635号,,,武汉市汉南区博物馆,国有,114.0863799,30.31562995
A195C90C6D16482FBA3BAD6820701700,武汉市汉阳区显正街122号,,,武汉白求恩纪念馆,行业,114.2710498,30.54798864
91B15EF74F2842A7B8E46E8200BEAA46,武汉市洪山区民族大道708号,,,中南民族大学民族学博物馆,高校,114.3893801,30.48281875
1CD083807C8C4603815E341648EB4DD9,黄陂大余湾,,,武汉大余湾社区博物馆,民办,114.3645206,31.01772878
EA31BDBC73FC47988415985869AAFC72,江夏区金口街中山舰路特一号,,,武汉市中山舰博物馆,国有,114.1361584,30.34960322
AF2AA3CEB6724D339AF7C0EBEA24659D,武汉市汉南区汉南大道635号,,,武汉市汉南区博物馆,国有,114.0863799,30.31562995
A195C90C6D16482FBA3BAD6820701700,武汉市汉阳区显正街122号,,,武汉白求恩纪念馆,行业,114.2710498,30.54798864
91B15EF74F2842A7B8E46E8200BEAA46,武汉市洪山区民族大道708号,,,中南民族大学民族学博物馆,高校,114.3893801,30.48281875
1CD083807C8C4603815E341648EB4DD9,黄陂大余湾,,,武汉大余湾社区博物馆,民办,114.3645206,31.01772878
EA31BDBC73FC47988415985869AAFC72,江夏区金口街中山舰路特一号,,,武汉市中山舰博物馆,国有,114.1361584,30.34960322
AF2AA3CEB6724D339AF7C0EBEA24659D,武汉市汉南区汉南大道635号,,,武汉市汉南区博物馆,国有,114.0863799,30.31562995
A195C90C6D16482FBA3BAD6820701700,武汉市汉阳区显正街122号,,,武汉白求恩纪念馆,行业,114.2710498,30.54798864
91B15EF74F2842A7B8E46E8200BEAA46,武汉市洪山区民族大道708号,,,中南民族大学民族学博物馆,高校,114.3893801,30.48281875
1CD083807C8C4603815E341648EB4DD9,黄陂大余湾,,,武汉大余湾社区博物馆,民办,114.3645206,31.01772878
EA31BDBC73FC47988415985869AAFC72,江夏区金口街中山舰路特一号,,,武汉市中山舰博物馆,国有,114.1361584,30.34960322
AF2AA3CEB6724D339AF7C0EBEA24659D,武汉市汉南区汉南大道635号,,,武汉市汉南区博物馆,国有,114.0863799,30.31562995
A195C90C6D16482FBA3BAD6820701700,武汉市汉阳区显正街122号,,,武汉白求恩纪念馆,行业,114.2710498,30.54798864
91B15EF74F2842A7B8E46E8200BEAA46,武汉市洪山区民族大道708号,,,中南民族大学民族学博物馆,高校,114.3893801,30.48281875
1CD083807C8C4603815E341648EB4DD9,黄陂大余湾,,,武汉大余湾社区博物馆,民办,114.3645206,31.01772878
EA31BDBC73FC47988415985869AAFC72,江夏区金口街中山舰路特一号,,,武汉市中山舰博物馆,国有,114.1361584,30.34960322
AF2AA3CEB6724D339AF7C0EBEA24659D,武汉市汉南区汉南大道635号,,,武汉市汉南区博物馆,国有,114.0863799,30.31562995
A195C90C6D16482FBA3BAD6820701700,武汉市汉阳区显正街122号,,,武汉白求恩纪念馆,行业,114.2710498,30.54798864
91B15EF74F2842A7B8E46E8200BEAA46,武汉市洪山区民族大道708号,,,中南民族大学民族学博物馆,高校,114.3893801,30.48281875
1CD083807C8C4603815E341648EB4DD9,黄陂大余湾,,,武汉大余湾社区博物馆,民办,114.3645206,31.01772878
EA31BDBC73FC47988415985869AAFC72,江夏区金口街中山舰路特一号,,,武汉市中山舰博物馆,国有,114.1361584,30.34960322
AF2AA3CEB6724D339AF7C0EBEA24659D,武汉市汉南区汉南大道635号,,,武汉市汉南区博物馆,国有,114.0863799,30.31562995
A195C90C6D16482FBA3BAD6820701700,武汉市汉阳区显正街122号,,,武汉白求恩纪念馆,行业,114.2710498,30.54798864
91B15EF74F2842A7B8E46E8200BEAA46,武汉市洪山区民族大道708号,,,中南民族大学民族学博物馆,高校,114.3893801,30.48281875
1CD083807C8C4603815E341648EB4DD9,黄陂大余湾,,,武汉大余湾社区博物馆,民办,114.3645206,31.01772878
60F282BBDF7E470487707ACE8E741A85,武汉市解放大道684号,,,湖北地质博物馆,行业,114.2674275,30.57940005
3E67222C5D5346F282E93DBC303E1696,武汉市东湖风景区梨园景区,,,屈原纪念馆,行业,114.3732102,30.56954768
78109A59FEDE43F2B7296E652DEC2234,武汉市东湖风景区磨山景区,,,武汉东湖梅花博物馆,行业,114.4024269,30.54375024
2B7C073A284D46EEAA79A8EB26098CEB,武汉市洪山区华中农业大学,,,华中农业大学博物馆,高校,114.3573286,30.47554265
3CF51BCCEFB84680B0613078B51FB1C2,武汉市江夏区藏龙岛开发区杨桥湖大道8号,,,湖北经济学院博物馆,高校,114.4286788,30.41695907
75BD9C9169054D908498E51B30A45326,武汉市洪山区华中农业大学,,,武汉康思农蜜蜂博物馆,民办,114.3419816,30.47866197
60F282BBDF7E470487707ACE8E741A85,武汉市解放大道684号,,,湖北地质博物馆,行业,114.2674275,30.57940005
3E67222C5D5346F282E93DBC303E1696,武汉市东湖风景区梨园景区,,,屈原纪念馆,行业,114.3732102,30.56954768
78109A59FEDE43F2B7296E652DEC2234,武汉市东湖风景区磨山景区,,,武汉东湖梅花博物馆,行业,114.4024269,30.54375024
2B7C073A284D46EEAA79A8EB26098CEB,武汉市洪山区华中农业大学,,,华中农业大学博物馆,高校,114.3573286,30.47554265
3CF51BCCEFB84680B0613078B51FB1C2,武汉市江夏区藏龙岛开发区杨桥湖大道8号,,,湖北经济学院博物馆,高校,114.4286788,30.41695907
75BD9C9169054D908498E51B30A45326,武汉市洪山区华中农业大学,,,武汉康思农蜜蜂博物馆,民办,114.3419816,30.47866197
60F282BBDF7E470487707ACE8E741A85,武汉市解放大道684号,,,湖北地质博物馆,行业,114.2674275,30.57940005
3E67222C5D5346F282E93DBC303E1696,武汉市东湖风景区梨园景区,,,屈原纪念馆,行业,114.3732102,30.56954768
78109A59FEDE43F2B7296E652DEC2234,武汉市东湖风景区磨山景区,,,武汉东湖梅花博物馆,行业,114.4024269,30.54375024
2B7C073A284D46EEAA79A8EB26098CEB,武汉市洪山区华中农业大学,,,华中农业大学博物馆,高校,114.3573286,30.47554265
3CF51BCCEFB84680B0613078B51FB1C2,武汉市江夏区藏龙岛开发区杨桥湖大道8号,,,湖北经济学院博物馆,高校,114.4286788,30.41695907
75BD9C9169054D908498E51B30A45326,武汉市洪山区华中农业大学,,,武汉康思农蜜蜂博物馆,民办,114.3419816,30.47866197
60F282BBDF7E470487707ACE8E741A85,武汉市解放大道684号,,,湖北地质博物馆,行业,114.2674275,30.57940005
3E67222C5D5346F282E93DBC303E1696,武汉市东湖风景区梨园景区,,,屈原纪念馆,行业,114.3732102,30.56954768
78109A59FEDE43F2B7296E652DEC2234,武汉市东湖风景区磨山景区,,,武汉东湖梅花博物馆,行业,114.4024269,30.54375024
2B7C073A284D46EEAA79A8EB26098CEB,武汉市洪山区华中农业大学,,,华中农业大学博物馆,高校,114.3573286,30.47554265
3CF51BCCEFB84680B0613078B51FB1C2,武汉市江夏区藏龙岛开发区杨桥湖大道8号,,,湖北经济学院博物馆,高校,114.4286788,30.41695907
75BD9C9169054D908498E51B30A45326,武汉市洪山区华中农业大学,,,武汉康思农蜜蜂博物馆,民办,114.3419816,30.47866197
60F282BBDF7E470487707ACE8E741A85,武汉市解放大道684号,,,湖北地质博物馆,行业,114.2674275,30.57940005
3E67222C5D5346F282E93DBC303E1696,武汉市东湖风景区梨园景区,,,屈原纪念馆,行业,114.3732102,30.56954768
78109A59FEDE43F2B7296E652DEC2234,武汉市东湖风景区磨山景区,,,武汉东湖梅花博物馆,行业,114.4024269,30.54375024
2B7C073A284D46EEAA79A8EB26098CEB,武汉市洪山区华中农业大学,,,华中农业大学博物馆,高校,114.3573286,30.47554265
3CF51BCCEFB84680B0613078B51FB1C2,武汉市江夏区藏龙岛开发区杨桥湖大道8号,,,湖北经济学院博物馆,高校,114.4286788,30.41695907
75BD9C9169054D908498E51B30A45326,武汉市洪山区华中农业大学,,,武汉康思农蜜蜂博物馆,民办,114.3419816,30.47866197
60F282BBDF7E470487707ACE8E741A85,武汉市解放大道684号,,,湖北地质博物馆,行业,114.2674275,30.57940005
3E67222C5D5346F282E93DBC303E1696,武汉市东湖风景区梨园景区,,,屈原纪念馆,行业,114.3732102,30.56954768
78109A59FEDE43F2B7296E652DEC2234,武汉市东湖风景区磨山景区,,,武汉东湖梅花博物馆,行业,114.4024269,30.54375024
2B7C073A284D46EEAA79A8EB26098CEB,武汉市洪山区华中农业大学,,,华中农业大学博物馆,高校,114.3573286,30.47554265
3CF51BCCEFB84680B0613078B51FB1C2,武汉市江夏区藏龙岛开发区杨桥湖大道8号,,,湖北经济学院博物馆,高校,114.4286788,30.41695907
75BD9C9169054D908498E51B30A45326,武汉市洪山区华中农业大学,,,武汉康思农蜜蜂博物馆,民办,114.3419816,30.47866197
60F282BBDF7E470487707ACE8E741A85,武汉市解放大道684号,,,湖北地质博物馆,行业,114.2674275,30.57940005
3E67222C5D5346F282E93DBC303E1696,武汉市东湖风景区梨园景区,,,屈原纪念馆,行业,114.3732102,30.56954768
78109A59FEDE43F2B7296E652DEC2234,武汉市东湖风景区磨山景区,,,武汉东湖梅花博物馆,行业,114.4024269,30.54375024
2B7C073A284D46EEAA79A8EB26098CEB,武汉市洪山区华中农业大学,,,华中农业大学博物馆,高校,114.3573286,30.47554265
3CF51BCCEFB84680B0613078B51FB1C2,武汉市江夏区藏龙岛开发区杨桥湖大道8号,,,湖北经济学院博物馆,高校,114.4286788,30.41695907
75BD9C9169054D908498E51B30A45326,武汉市洪山区华中农业大学,,,武汉康思农蜜蜂博物馆,民办,114.3419816,30.47866197
60F282BBDF7E470487707ACE8E741A85,武汉市解放大道684号,,,湖北地质博物馆,行业,114.2674275,30.57940005
3E67222C5D5346F282E93DBC303E1696,武汉市东湖风景区梨园景区,,,屈原纪念馆,行业,114.3732102,30.56954768
78109A59FEDE43F2B7296E652DEC2234,武汉市东湖风景区磨山景区,,,武汉东湖梅花博物馆,行业,114.4024269,30.54375024
2B7C073A284D46EEAA79A8EB26098CEB,武汉市洪山区华中农业大学,,,华中农业大学博物馆,高校,114.3573286,30.47554265
3CF51BCCEFB84680B0613078B51FB1C2,武汉市江夏区藏龙岛开发区杨桥湖大道8号,,,湖北经济学院博物馆,高校,114.4286788,30.41695907
75BD9C9169054D908498E51B30A45326,武汉市洪山区华中农业大学,,,武汉康思农蜜蜂博物馆,民办,114.3419816,30.47866197
60F282BBDF7E470487707ACE8E741A85,武汉市解放大道684号,,,湖北地质博物馆,行业,114.2674275,30.57940005
3E67222C5D5346F282E93DBC303E1696,武汉市东湖风景区梨园景区,,,屈原纪念馆,行业,114.3732102,30.56954768
78109A59FEDE43F2B7296E652DEC2234,武汉市东湖风景区磨山景区,,,武汉东湖梅花博物馆,行业,114.4024269,30.54375024
2B7C073A284D46EEAA79A8EB26098CEB,武汉市洪山区华中农业大学,,,华中农业大学博物馆,高校,114.3573286,30.47554265
3CF51BCCEFB84680B0613078B51FB1C2,武汉市江夏区藏龙岛开发区杨桥湖大道8号,,,湖北经济学院博物馆,高校,114.4286788,30.41695907
75BD9C9169054D908498E51B30A45326,武汉市洪山区华中农业大学,,,武汉康思农蜜蜂博物馆,民办,114.3419816,30.47866197
60F282BBDF7E470487707ACE8E741A85,武汉市解放大道684号,,,湖北地质博物馆,行业,114.2674275,30.57940005
3E67222C5D5346F282E93DBC303E1696,武汉市东湖风景区梨园景区,,,屈原纪念馆,行业,114.3732102,30.56954768
78109A59FEDE43F2B7296E652DEC2234,武汉市东湖风景区磨山景区,,,武汉东湖梅花博物馆,行业,114.4024269,30.54375024
2B7C073A284D46EEAA79A8EB26098CEB,武汉市洪山区华中农业大学,,,华中农业大学博物馆,高校,114.3573286,30.47554265
3CF51BCCEFB84680B0613078B51FB1C2,武汉市江夏区藏龙岛开发区杨桥湖大道8号,,,湖北经济学院博物馆,高校,114.4286788,30.41695907
75BD9C9169054D908498E51B30A45326,武汉市洪山区华中农业大学,,,武汉康思农蜜蜂博物馆,民办,114.3419816,30.47866197
60F282BBDF7E470487707ACE8E741A85,武汉市解放大道684号,,,湖北地质博物馆,行业,114.2674275,30.57940005
3E67222C5D5346F282E93DBC303E1696,武汉市东湖风景区梨园景区,,,屈原纪念馆,行业,114.3732102,30.56954768
78109A59FEDE43F2B7296E652DEC2234,武汉市东湖风景区磨山景区,,,武汉东湖梅花博物馆,行业,114.4024269,30.54375024
2B7C073A284D46EEAA79A8EB26098CEB,武汉市洪山区华中农业大学,,,华中农业大学博物馆,高校,114.3573286,30.47554265
3CF51BCCEFB84680B0613078B51FB1C2,武汉市江夏区藏龙岛开发区杨桥湖大道8号,,,湖北经济学院博物馆,高校,114.4286788,30.41695907
75BD9C9169054D908498E51B30A45326,武汉市洪山区华中农业大学,,,武汉康思农蜜蜂博物馆,民办,114.3419816,30.47866197
60F282BBDF7E470487707ACE8E741A85,武汉市解放大道684号,,,湖北地质博物馆,行业,114.2674275,30.57940005
3E67222C5D5346F282E93DBC303E1696,武汉市东湖风景区梨园景区,,,屈原纪念馆,行业,114.3732102,30.56954768
78109A59FEDE43F2B7296E652DEC2234,武汉市东湖风景区磨山景区,,,武汉东湖梅花博物馆,行业,114.4024269,30.54375024
2B7C073A284D46EEAA79A8EB26098CEB,武汉市洪山区华中农业大学,,,华中农业大学博物馆,高校,114.3573286,30.47554265
3CF51BCCEFB84680B0613078B51FB1C2,武汉市江夏区藏龙岛开发区杨桥湖大道8号,,,湖北经济学院博物馆,高校,114.4286788,30.41695907
75BD9C9169054D908498E51B30A45326,武汉市洪山区华中农业大学,,,武汉康思农蜜蜂博物馆,民办,114.3419816,30.47866197
69D33F1BE5134141BE4354A025612B73,武汉市武昌区首义南路南端,,,武昌起义门旧址管理所,国有,114.3073527,30.52670604
69D33F1BE5134141BE4354A025612B73,武汉市武昌区首义南路南端,,,武昌起义门旧址管理所,国有,114.3073527,30.52670604
3C0A5F741D5A4EE788817BF10A6D302F,江岸区洞庭街65号,,,詹天佑故居管理所,国有,114.2989971,30.58379676
733FD6BF4DC24E459A6B29C44DDDA7E9,武汉市江夏区纸坊街道兴新街269号,,,武汉市江夏区博物馆,国有,114.3148572,30.34757565
CF797340D14A49C7B17DBC433CD5D2BB,武汉市青山区冶金大道30号,,,武钢博物馆,行业,114.4055894,30.63060285
412F51955E6543ABBC1DDB8EA8B65904,武汉市汉口沿江大道162号,,,宋庆龄汉口旧居纪念馆,行业,114.3023467,30.58658429
3BAE884620FD4422A8B5538651412BE0,武汉市汉阳区拦江路258号701室,,,武汉永庭石画博物馆,民办,114.2664299,30.54267854
E553B19B1FE44718AD1AB87B074079DB,武汉市江岸区正义路10号,,,武汉壶语堂博物馆,民办,114.2922591,30.63177108
AE3ADD040829444B8AC9402C9B62CCA3,武汉市江夏区郑店街同兴村武汉铁盾民防工程有限公司,,,武汉铁盾书画艺术博物馆,民办,114.2498699,30.37736484
3C0A5F741D5A4EE788817BF10A6D302F,江岸区洞庭街65号,,,詹天佑故居管理所,国有,114.2989971,30.58379676
733FD6BF4DC24E459A6B29C44DDDA7E9,武汉市江夏区纸坊街道兴新街269号,,,武汉市江夏区博物馆,国有,114.3148572,30.34757565
CF797340D14A49C7B17DBC433CD5D2BB,武汉市青山区冶金大道30号,,,武钢博物馆,行业,114.4055894,30.63060285
412F51955E6543ABBC1DDB8EA8B65904,武汉市汉口沿江大道162号,,,宋庆龄汉口旧居纪念馆,行业,114.3023467,30.58658429
3BAE884620FD4422A8B5538651412BE0,武汉市汉阳区拦江路258号701室,,,武汉永庭石画博物馆,民办,114.2664299,30.54267854
E553B19B1FE44718AD1AB87B074079DB,武汉市江岸区正义路10号,,,武汉壶语堂博物馆,民办,114.2922591,30.63177108
AE3ADD040829444B8AC9402C9B62CCA3,武汉市江夏区郑店街同兴村武汉铁盾民防工程有限公司,,,武汉铁盾书画艺术博物馆,民办,114.2498699,30.37736484
3C0A5F741D5A4EE788817BF10A6D302F,江岸区洞庭街65号,,,詹天佑故居管理所,国有,114.2989971,30.58379676
733FD6BF4DC24E459A6B29C44DDDA7E9,武汉市江夏区纸坊街道兴新街269号,,,武汉市江夏区博物馆,国有,114.3148572,30.34757565
CF797340D14A49C7B17DBC433CD5D2BB,武汉市青山区冶金大道30号,,,武钢博物馆,行业,114.4055894,30.63060285
412F51955E6543ABBC1DDB8EA8B65904,武汉市汉口沿江大道162号,,,宋庆龄汉口旧居纪念馆,行业,114.3023467,30.58658429
3BAE884620FD4422A8B5538651412BE0,武汉市汉阳区拦江路258号701室,,,武汉永庭石画博物馆,民办,114.2664299,30.54267854
E553B19B1FE44718AD1AB87B074079DB,武汉市江岸区正义路10号,,,武汉壶语堂博物馆,民办,114.2922591,30.63177108
AE3ADD040829444B8AC9402C9B62CCA3,武汉市江夏区郑店街同兴村武汉铁盾民防工程有限公司,,,武汉铁盾书画艺术博物馆,民办,114.2498699,30.37736484
3C0A5F741D5A4EE788817BF10A6D302F,江岸区洞庭街65号,,,詹天佑故居管理所,国有,114.2989971,30.58379676
733FD6BF4DC24E459A6B29C44DDDA7E9,武汉市江夏区纸坊街道兴新街269号,,,武汉市江夏区博物馆,国有,114.3148572,30.34757565
CF797340D14A49C7B17DBC433CD5D2BB,武汉市青山区冶金大道30号,,,武钢博物馆,行业,114.4055894,30.63060285
412F51955E6543ABBC1DDB8EA8B65904,武汉市汉口沿江大道162号,,,宋庆龄汉口旧居纪念馆,行业,114.3023467,30.58658429
3BAE884620FD4422A8B5538651412BE0,武汉市汉阳区拦江路258号701室,,,武汉永庭石画博物馆,民办,114.2664299,30.54267854
E553B19B1FE44718AD1AB87B074079DB,武汉市江岸区正义路10号,,,武汉壶语堂博物馆,民办,114.2922591,30.63177108
AE3ADD040829444B8AC9402C9B62CCA3,武汉市江夏区郑店街同兴村武汉铁盾民防工程有限公司,,,武汉铁盾书画艺术博物馆,民办,114.2498699,30.37736484
3C0A5F741D5A4EE788817BF10A6D302F,江岸区洞庭街65号,,,詹天佑故居管理所,国有,114.2989971,30.58379676
733FD6BF4DC24E459A6B29C44DDDA7E9,武汉市江夏区纸坊街道兴新街269号,,,武汉市江夏区博物馆,国有,114.3148572,30.34757565
CF797340D14A49C7B17DBC433CD5D2BB,武汉市青山区冶金大道30号,,,武钢博物馆,行业,114.4055894,30.63060285
412F51955E6543ABBC1DDB8EA8B65904,武汉市汉口沿江大道162号,,,宋庆龄汉口旧居纪念馆,行业,114.3023467,30.58658429
3BAE884620FD4422A8B5538651412BE0,武汉市汉阳区拦江路258号701室,,,武汉永庭石画博物馆,民办,114.2664299,30.54267854
E553B19B1FE44718AD1AB87B074079DB,武汉市江岸区正义路10号,,,武汉壶语堂博物馆,民办,114.2922591,30.63177108
AE3ADD040829444B8AC9402C9B62CCA3,武汉市江夏区郑店街同兴村武汉铁盾民防工程有限公司,,,武汉铁盾书画艺术博物馆,民办,114.2498699,30.37736484
3C0A5F741D5A4EE788817BF10A6D302F,江岸区洞庭街65号,,,詹天佑故居管理所,国有,114.2989971,30.58379676
733FD6BF4DC24E459A6B29C44DDDA7E9,武汉市江夏区纸坊街道兴新街269号,,,武汉市江夏区博物馆,国有,114.3148572,30.34757565
CF797340D14A49C7B17DBC433CD5D2BB,武汉市青山区冶金大道30号,,,武钢博物馆,行业,114.4055894,30.63060285
412F51955E6543ABBC1DDB8EA8B65904,武汉市汉口沿江大道162号,,,宋庆龄汉口旧居纪念馆,行业,114.3023467,30.58658429
3BAE884620FD4422A8B5538651412BE0,武汉市汉阳区拦江路258号701室,,,武汉永庭石画博物馆,民办,114.2664299,30.54267854
E553B19B1FE44718AD1AB87B074079DB,武汉市江岸区正义路10号,,,武汉壶语堂博物馆,民办,114.2922591,30.63177108
AE3ADD040829444B8AC9402C9B62CCA3,武汉市江夏区郑店街同兴村武汉铁盾民防工程有限公司,,,武汉铁盾书画艺术博物馆,民办,114.2498699,30.37736484
AE3ADD040829444B8AC9402C9B62CCA3,武汉市江夏区郑店街同兴村武汉铁盾民防工程有限公司,,,武汉铁盾书画艺术博物馆,民办,114.2498699,30.37736484
3C0A5F741D5A4EE788817BF10A6D302F,江岸区洞庭街65号,,,詹天佑故居管理所,国有,114.2989971,30.58379676
733FD6BF4DC24E459A6B29C44DDDA7E9,武汉市江夏区纸坊街道兴新街269号,,,武汉市江夏区博物馆,国有,114.3148572,30.34757565
CF797340D14A49C7B17DBC433CD5D2BB,武汉市青山区冶金大道30号,,,武钢博物馆,行业,114.4055894,30.63060285
412F51955E6543ABBC1DDB8EA8B65904,武汉市汉口沿江大道162号,,,宋庆龄汉口旧居纪念馆,行业,114.3023467,30.58658429
3BAE884620FD4422A8B5538651412BE0,武汉市汉阳区拦江路258号701室,,,武汉永庭石画博物馆,民办,114.2664299,30.54267854
E553B19B1FE44718AD1AB87B074079DB,武汉市江岸区正义路10号,,,武汉壶语堂博物馆,民办,114.2922591,30.63177108
AE3ADD040829444B8AC9402C9B62CCA3,武汉市江夏区郑店街同兴村武汉铁盾民防工程有限公司,,,武汉铁盾书画艺术博物馆,民办,114.2498699,30.37736484
3C0A5F741D5A4EE788817BF10A6D302F,江岸区洞庭街65号,,,詹天佑故居管理所,国有,114.2989971,30.58379676
733FD6BF4DC24E459A6B29C44DDDA7E9,武汉市江夏区纸坊街道兴新街269号,,,武汉市江夏区博物馆,国有,114.3148572,30.34757565
CF797340D14A49C7B17DBC433CD5D2BB,武汉市青山区冶金大道30号,,,武钢博物馆,行业,114.4055894,30.63060285
412F51955E6543ABBC1DDB8EA8B65904,武汉市汉口沿江大道162号,,,宋庆龄汉口旧居纪念馆,行业,114.3023467,30.58658429
3BAE884620FD4422A8B5538651412BE0,武汉市汉阳区拦江路258号701室,,,武汉永庭石画博物馆,民办,114.2664299,30.54267854
E553B19B1FE44718AD1AB87B074079DB,武汉市江岸区正义路10号,,,武汉壶语堂博物馆,民办,114.2922591,30.63177108
AE3ADD040829444B8AC9402C9B62CCA3,武汉市江夏区郑店街同兴村武汉铁盾民防工程有限公司,,,武汉铁盾书画艺术博物馆,民办,114.2498699,30.37736484
3C0A5F741D5A4EE788817BF10A6D302F,江岸区洞庭街65号,,,詹天佑故居管理所,国有,114.2989971,30.58379676
733FD6BF4DC24E459A6B29C44DDDA7E9,武汉市江夏区纸坊街道兴新街269号,,,武汉市江夏区博物馆,国有,114.3148572,30.34757565
CF797340D14A49C7B17DBC433CD5D2BB,武汉市青山区冶金大道30号,,,武钢博物馆,行业,114.4055894,30.63060285
412F51955E6543ABBC1DDB8EA8B65904,武汉市汉口沿江大道162号,,,宋庆龄汉口旧居纪念馆,行业,114.3023467,30.58658429
3BAE884620FD4422A8B5538651412BE0,武汉市汉阳区拦江路258号701室,,,武汉永庭石画博物馆,民办,114.2664299,30.54267854
E553B19B1FE44718AD1AB87B074079DB,武汉市江岸区正义路10号,,,武汉壶语堂博物馆,民办,114.2922591,30.63177108
AE3ADD040829444B8AC9402C9B62CCA3,武汉市江夏区郑店街同兴村武汉铁盾民防工程有限公司,,,武汉铁盾书画艺术博物馆,民办,114.2498699,30.37736484
3C0A5F741D5A4EE788817BF10A6D302F,江岸区洞庭街65号,,,詹天佑故居管理所,国有,114.2989971,30.58379676
733FD6BF4DC24E459A6B29C44DDDA7E9,武汉市江夏区纸坊街道兴新街269号,,,武汉市江夏区博物馆,国有,114.3148572,30.34757565
CF797340D14A49C7B17DBC433CD5D2BB,武汉市青山区冶金大道30号,,,武钢博物馆,行业,114.4055894,30.63060285
412F51955E6543ABBC1DDB8EA8B65904,武汉市汉口沿江大道162号,,,宋庆龄汉口旧居纪念馆,行业,114.3023467,30.58658429
3BAE884620FD4422A8B5538651412BE0,武汉市汉阳区拦江路258号701室,,,武汉永庭石画博物馆,民办,114.2664299,30.54267854
E553B19B1FE44718AD1AB87B074079DB,武汉市江岸区正义路10号,,,武汉壶语堂博物馆,民办,114.2922591,30.63177108
AE3ADD040829444B8AC9402C9B62CCA3,武汉市江夏区郑店街同兴村武汉铁盾民防工程有限公司,,,武汉铁盾书画艺术博物馆,民办,114.2498699,30.37736484
3C0A5F741D5A4EE788817BF10A6D302F,江岸区洞庭街65号,,,詹天佑故居管理所,国有,114.2989971,30.58379676
733FD6BF4DC24E459A6B29C44DDDA7E9,武汉市江夏区纸坊街道兴新街269号,,,武汉市江夏区博物馆,国有,114.3148572,30.34757565
CF797340D14A49C7B17DBC433CD5D2BB,武汉市青山区冶金大道30号,,,武钢博物馆,行业,114.4055894,30.63060285
412F51955E6543ABBC1DDB8EA8B65904,武汉市汉口沿江大道162号,,,宋庆龄汉口旧居纪念馆,行业,114.3023467,30.58658429
3BAE884620FD4422A8B5538651412BE0,武汉市汉阳区拦江路258号701室,,,武汉永庭石画博物馆,民办,114.2664299,30.54267854
E553B19B1FE44718AD1AB87B074079DB,武汉市江岸区正义路10号,,,武汉壶语堂博物馆,民办,114.2922591,30.63177108
AE3ADD040829444B8AC9402C9B62CCA3,武汉市江夏区郑店街同兴村武汉铁盾民防工程有限公司,,,武汉铁盾书画艺术博物馆,民办,114.2498699,30.37736484
3C0A5F741D5A4EE788817BF10A6D302F,江岸区洞庭街65号,,,詹天佑故居管理所,国有,114.2989971,30.58379676
733FD6BF4DC24E459A6B29C44DDDA7E9,武汉市江夏区纸坊街道兴新街269号,,,武汉市江夏区博物馆,国有,114.3148572,30.34757565
CF797340D14A49C7B17DBC433CD5D2BB,武汉市青山区冶金大道30号,,,武钢博物馆,行业,114.4055894,30.63060285
412F51955E6543ABBC1DDB8EA8B65904,武汉市汉口沿江大道162号,,,宋庆龄汉口旧居纪念馆,行业,114.3023467,30.58658429
3BAE884620FD4422A8B5538651412BE0,武汉市汉阳区拦江路258号701室,,,武汉永庭石画博物馆,民办,114.2664299,30.54267854
E553B19B1FE44718AD1AB87B074079DB,武汉市江岸区正义路10号,,,武汉壶语堂博物馆,民办,114.2922591,30.63177108
64769304386F4D5BAFE7DD9A4540DCBD,武汉市武昌区阅马场,,,辛亥革命武昌起义纪念馆,国有,114.3065152,30.54171019
2419989A87D6412E8590731E8A337A63,武汉市武昌红巷13号,,,武昌农民运动讲习所旧址纪念馆,国有,114.2567308,30.61150582
8A2CA15B3D124924B9B539A97163609D,武汉市武昌都府堤20号,,,陈潭秋烈士纪念馆,国有,114.2985897,30.55086704
9A174BCD26EB4B98826C82BFD3E16A0E,武汉市汉口解放大道1057号,,,京汉铁路总工会旧址管理所,国有,114.2958628,30.5978438
64769304386F4D5BAFE7DD9A4540DCBD,武汉市武昌区阅马场,,,辛亥革命武昌起义纪念馆,国有,114.3065152,30.54171019
2419989A87D6412E8590731E8A337A63,武汉市武昌红巷13号,,,武昌农民运动讲习所旧址纪念馆,国有,114.2567308,30.61150582
8A2CA15B3D124924B9B539A97163609D,武汉市武昌都府堤20号,,,陈潭秋烈士纪念馆,国有,114.2985897,30.55086704
9A174BCD26EB4B98826C82BFD3E16A0E,武汉市汉口解放大道1057号,,,京汉铁路总工会旧址管理所,国有,114.2958628,30.5978438
1A4832BAE3BE4C259DEEDD5D72634DE4,武汉市汉阳洗马长街86号,,,武汉大禹文化博物馆,国有,114.2845903,30.55555073
E9688526472E4B429846F1886C961BC2,武汉市东湖风景区磨山景区,,,武汉东湖荷花博物馆,行业,114.4082329,30.54829215
3A2DBE63E74949FEA2A97DA48262B340,武汉市武昌区张之洞路1号武汉音乐学院,,,湖北音乐博物馆,高校,114.2914627,30.53576892
14BDFE1EA926480D88920874D75328AD,武汉市新洲区阳逻经济开发区汉施路1号,,,武汉生物工程学院博物馆,高校,114.5272782,30.71436605
FF5F50E870304F8D87EDE10DFE55B724,武汉市蔡甸区蔡甸街黄陵村刘湾26号,,,武汉天人合一奇石博物馆,民办,114.0994269,30.5563041
2B2B589334FB49F398E649FFAB10CA52,武汉市江岸区芦沟桥路特一号,,,武汉钻石艺术博物馆,民办,114.3132501,30.60582108
04218036D23F4ED5BDC5D6BCACBB2208,武汉市青山区白玉山街张公山寨,,,武汉李庄古建筑博物馆,民办,114.5056399,30.5894825
D57C2117AD2A437086DFA996FDBC2A03,武汉市青年路285号,,,武汉达临性学博物馆,民办,114.262602,30.60073681
1A4832BAE3BE4C259DEEDD5D72634DE4,武汉市汉阳洗马长街86号,,,武汉大禹文化博物馆,国有,114.2845903,30.55555073
E9688526472E4B429846F1886C961BC2,武汉市东湖风景区磨山景区,,,武汉东湖荷花博物馆,行业,114.4082329,30.54829215
3A2DBE63E74949FEA2A97DA48262B340,武汉市武昌区张之洞路1号武汉音乐学院,,,湖北音乐博物馆,高校,114.2914627,30.53576892
14BDFE1EA926480D88920874D75328AD,武汉市新洲区阳逻经济开发区汉施路1号,,,武汉生物工程学院博物馆,高校,114.5272782,30.71436605
FF5F50E870304F8D87EDE10DFE55B724,武汉市蔡甸区蔡甸街黄陵村刘湾26号,,,武汉天人合一奇石博物馆,民办,114.0994269,30.5563041
2B2B589334FB49F398E649FFAB10CA52,武汉市江岸区芦沟桥路特一号,,,武汉钻石艺术博物馆,民办,114.3132501,30.60582108
04218036D23F4ED5BDC5D6BCACBB2208,武汉市青山区白玉山街张公山寨,,,武汉李庄古建筑博物馆,民办,114.5056399,30.5894825
D57C2117AD2A437086DFA996FDBC2A03,武汉市青年路285号,,,武汉达临性学博物馆,民办,114.262602,30.60073681
1A4832BAE3BE4C259DEEDD5D72634DE4,武汉市汉阳洗马长街86号,,,武汉大禹文化博物馆,国有,114.2845903,30.55555073
E9688526472E4B429846F1886C961BC2,武汉市东湖风景区磨山景区,,,武汉东湖荷花博物馆,行业,114.4082329,30.54829215
3A2DBE63E74949FEA2A97DA48262B340,武汉市武昌区张之洞路1号武汉音乐学院,,,湖北音乐博物馆,高校,114.2914627,30.53576892
14BDFE1EA926480D88920874D75328AD,武汉市新洲区阳逻经济开发区汉施路1号,,,武汉生物工程学院博物馆,高校,114.5272782,30.71436605
FF5F50E870304F8D87EDE10DFE55B724,武汉市蔡甸区蔡甸街黄陵村刘湾26号,,,武汉天人合一奇石博物馆,民办,114.0994269,30.5563041
2B2B589334FB49F398E649FFAB10CA52,武汉市江岸区芦沟桥路特一号,,,武汉钻石艺术博物馆,民办,114.3132501,30.60582108
04218036D23F4ED5BDC5D6BCACBB2208,武汉市青山区白玉山街张公山寨,,,武汉李庄古建筑博物馆,民办,114.5056399,30.5894825
D57C2117AD2A437086DFA996FDBC2A03,武汉市青年路285号,,,武汉达临性学博物馆,民办,114.262602,30.60073681
1A4832BAE3BE4C259DEEDD5D72634DE4,武汉市汉阳洗马长街86号,,,武汉大禹文化博物馆,国有,114.2845903,30.55555073
E9688526472E4B429846F1886C961BC2,武汉市东湖风景区磨山景区,,,武汉东湖荷花博物馆,行业,114.4082329,30.54829215
3A2DBE63E74949FEA2A97DA48262B340,武汉市武昌区张之洞路1号武汉音乐学院,,,湖北音乐博物馆,高校,114.2914627,30.53576892
14BDFE1EA926480D88920874D75328AD,武汉市新洲区阳逻经济开发区汉施路1号,,,武汉生物工程学院博物馆,高校,114.5272782,30.71436605
FF5F50E870304F8D87EDE10DFE55B724,武汉市蔡甸区蔡甸街黄陵村刘湾26号,,,武汉天人合一奇石博物馆,民办,114.0994269,30.5563041
2B2B589334FB49F398E649FFAB10CA52,武汉市江岸区芦沟桥路特一号,,,武汉钻石艺术博物馆,民办,114.3132501,30.60582108
04218036D23F4ED5BDC5D6BCACBB2208,武汉市青山区白玉山街张公山寨,,,武汉李庄古建筑博物馆,民办,114.5056399,30.5894825
D57C2117AD2A437086DFA996FDBC2A03,武汉市青年路285号,,,武汉达临性学博物馆,民办,114.262602,30.60073681
1A4832BAE3BE4C259DEEDD5D72634DE4,武汉市汉阳洗马长街86号,,,武汉大禹文化博物馆,国有,114.2845903,30.55555073
E9688526472E4B429846F1886C961BC2,武汉市东湖风景区磨山景区,,,武汉东湖荷花博物馆,行业,114.4082329,30.54829215
FF5F50E870304F8D87EDE10DFE55B724,武汉市蔡甸区蔡甸街黄陵村刘湾26号,,,武汉天人合一奇石博物馆,民办,114.0994269,30.5563041
2B2B589334FB49F398E649FFAB10CA52,武汉市江岸区芦沟桥路特一号,,,武汉钻石艺术博物馆,民办,114.3132501,30.60582108
04218036D23F4ED5BDC5D6BCACBB2208,武汉市青山区白玉山街张公山寨,,,武汉李庄古建筑博物馆,民办,114.5056399,30.5894825
D57C2117AD2A437086DFA996FDBC2A03,武汉市青年路285号,,,武汉达临性学博物馆,民办,114.262602,30.60073681
1A4832BAE3BE4C259DEEDD5D72634DE4,武汉市汉阳洗马长街86号,,,武汉大禹文化博物馆,国有,114.2845903,30.55555073
E9688526472E4B429846F1886C961BC2,武汉市东湖风景区磨山景区,,,武汉东湖荷花博物馆,行业,114.4082329,30.54829215
3A2DBE63E74949FEA2A97DA48262B340,武汉市武昌区张之洞路1号武汉音乐学院,,,湖北音乐博物馆,高校,114.2914627,30.53576892
14BDFE1EA926480D88920874D75328AD,武汉市新洲区阳逻经济开发区汉施路1号,,,武汉生物工程学院博物馆,高校,114.5272782,30.71436605
FF5F50E870304F8D87EDE10DFE55B724,武汉市蔡甸区蔡甸街黄陵村刘湾26号,,,武汉天人合一奇石博物馆,民办,114.0994269,30.5563041
2B2B589334FB49F398E649FFAB10CA52,武汉市江岸区芦沟桥路特一号,,,武汉钻石艺术博物馆,民办,114.3132501,30.60582108
04218036D23F4ED5BDC5D6BCACBB2208,武汉市青山区白玉山街张公山寨,,,武汉李庄古建筑博物馆,民办,114.5056399,30.5894825
D57C2117AD2A437086DFA996FDBC2A03,武汉市青年路285号,,,武汉达临性学博物馆,民办,114.262602,30.60073681
1A4832BAE3BE4C259DEEDD5D72634DE4,武汉市汉阳洗马长街86号,,,武汉大禹文化博物馆,国有,114.2845903,30.55555073
E9688526472E4B429846F1886C961BC2,武汉市东湖风景区磨山景区,,,武汉东湖荷花博物馆,行业,114.4082329,30.54829215
3A2DBE63E74949FEA2A97DA48262B340,武汉市武昌区张之洞路1号武汉音乐学院,,,湖北音乐博物馆,高校,114.2914627,30.53576892
14BDFE1EA926480D88920874D75328AD,武汉市新洲区阳逻经济开发区汉施路1号,,,武汉生物工程学院博物馆,高校,114.5272782,30.71436605
FF5F50E870304F8D87EDE10DFE55B724,武汉市蔡甸区蔡甸街黄陵村刘湾26号,,,武汉天人合一奇石博物馆,民办,114.0994269,30.5563041
2B2B589334FB49F398E649FFAB10CA52,武汉市江岸区芦沟桥路特一号,,,武汉钻石艺术博物馆,民办,114.3132501,30.60582108
04218036D23F4ED5BDC5D6BCACBB2208,武汉市青山区白玉山街张公山寨,,,武汉李庄古建筑博物馆,民办,114.5056399,30.5894825
D57C2117AD2A437086DFA996FDBC2A03,武汉市青年路285号,,,武汉达临性学博物馆,民办,114.262602,30.60073681
3A2DBE63E74949FEA2A97DA48262B340,武汉市武昌区张之洞路1号武汉音乐学院,,,湖北音乐博物馆,高校,114.2914627,30.53576892
14BDFE1EA926480D88920874D75328AD,武汉市新洲区阳逻经济开发区汉施路1号,,,武汉生物工程学院博物馆,高校,114.5272782,30.71436605
FF5F50E870304F8D87EDE10DFE55B724,武汉市蔡甸区蔡甸街黄陵村刘湾26号,,,武汉天人合一奇石博物馆,民办,114.0994269,30.5563041
2B2B589334FB49F398E649FFAB10CA52,武汉市江岸区芦沟桥路特一号,,,武汉钻石艺术博物馆,民办,114.3132501,30.60582108
04218036D23F4ED5BDC5D6BCACBB2208,武汉市青山区白玉山街张公山寨,,,武汉李庄古建筑博物馆,民办,114.5056399,30.5894825
D57C2117AD2A437086DFA996FDBC2A03,武汉市青年路285号,,,武汉达临性学博物馆,民办,114.262602,30.60073681
1A4832BAE3BE4C259DEEDD5D72634DE4,武汉市汉阳洗马长街86号,,,武汉大禹文化博物馆,国有,114.2845903,30.55555073
E9688526472E4B429846F1886C961BC2,武汉市东湖风景区磨山景区,,,武汉东湖荷花博物馆,行业,114.4082329,30.54829215
3A2DBE63E74949FEA2A97DA48262B340,武汉市武昌区张之洞路1号武汉音乐学院,,,湖北音乐博物馆,高校,114.2914627,30.53576892
14BDFE1EA926480D88920874D75328AD,武汉市新洲区阳逻经济开发区汉施路1号,,,武汉生物工程学院博物馆,高校,114.5272782,30.71436605
FF5F50E870304F8D87EDE10DFE55B724,武汉市蔡甸区蔡甸街黄陵村刘湾26号,,,武汉天人合一奇石博物馆,民办,114.0994269,30.5563041
2B2B589334FB49F398E649FFAB10CA52,武汉市江岸区芦沟桥路特一号,,,武汉钻石艺术博物馆,民办,114.3132501,30.60582108
04218036D23F4ED5BDC5D6BCACBB2208,武汉市青山区白玉山街张公山寨,,,武汉李庄古建筑博物馆,民办,114.5056399,30.5894825
D57C2117AD2A437086DFA996FDBC2A03,武汉市青年路285号,,,武汉达临性学博物馆,民办,114.262602,30.60073681
1A4832BAE3BE4C259DEEDD5D72634DE4,武汉市汉阳洗马长街86号,,,武汉大禹文化博物馆,国有,114.2845903,30.55555073
E9688526472E4B429846F1886C961BC2,武汉市东湖风景区磨山景区,,,武汉东湖荷花博物馆,行业,114.4082329,30.54829215
3A2DBE63E74949FEA2A97DA48262B340,武汉市武昌区张之洞路1号武汉音乐学院,,,湖北音乐博物馆,高校,114.2914627,30.53576892
14BDFE1EA926480D88920874D75328AD,武汉市新洲区阳逻经济开发区汉施路1号,,,武汉生物工程学院博物馆,高校,114.5272782,30.71436605
FF5F50E870304F8D87EDE10DFE55B724,武汉市蔡甸区蔡甸街黄陵村刘湾26号,,,武汉天人合一奇石博物馆,民办,114.0994269,30.5563041
2B2B589334FB49F398E649FFAB10CA52,武汉市江岸区芦沟桥路特一号,,,武汉钻石艺术博物馆,民办,114.3132501,30.60582108
04218036D23F4ED5BDC5D6BCACBB2208,武汉市青山区白玉山街张公山寨,,,武汉李庄古建筑博物馆,民办,114.5056399,30.5894825
D57C2117AD2A437086DFA996FDBC2A03,武汉市青年路285号,,,武汉达临性学博物馆,民办,114.262602,30.60073681
1A4832BAE3BE4C259DEEDD5D72634DE4,武汉市汉阳洗马长街86号,,,武汉大禹文化博物馆,国有,114.2845903,30.55555073
E9688526472E4B429846F1886C961BC2,武汉市东湖风景区磨山景区,,,武汉东湖荷花博物馆,行业,114.4082329,30.54829215
3A2DBE63E74949FEA2A97DA48262B340,武汉市武昌区张之洞路1号武汉音乐学院,,,湖北音乐博物馆,高校,114.2914627,30.53576892
14BDFE1EA926480D88920874D75328AD,武汉市新洲区阳逻经济开发区汉施路1号,,,武汉生物工程学院博物馆,高校,114.5272782,30.71436605
FF5F50E870304F8D87EDE10DFE55B724,武汉市蔡甸区蔡甸街黄陵村刘湾26号,,,武汉天人合一奇石博物馆,民办,114.0994269,30.5563041
2B2B589334FB49F398E649FFAB10CA52,武汉市江岸区芦沟桥路特一号,,,武汉钻石艺术博物馆,民办,114.3132501,30.60582108
04218036D23F4ED5BDC5D6BCACBB2208,武汉市青山区白玉山街张公山寨,,,武汉李庄古建筑博物馆,民办,114.5056399,30.5894825
D57C2117AD2A437086DFA996FDBC2A03,武汉市青年路285号,,,武汉达临性学博物馆,民办,114.262602,30.60073681
1A4832BAE3BE4C259DEEDD5D72634DE4,武汉市汉阳洗马长街86号,,,武汉大禹文化博物馆,国有,114.2845903,30.55555073
E9688526472E4B429846F1886C961BC2,武汉市东湖风景区磨山景区,,,武汉东湖荷花博物馆,行业,114.4082329,30.54829215
3A2DBE63E74949FEA2A97DA48262B340,武汉市武昌区张之洞路1号武汉音乐学院,,,湖北音乐博物馆,高校,114.2914627,30.53576892
14BDFE1EA926480D88920874D75328AD,武汉市新洲区阳逻经济开发区汉施路1号,,,武汉生物工程学院博物馆,高校,114.5272782,30.71436605
FF5F50E870304F8D87EDE10DFE55B724,武汉市蔡甸区蔡甸街黄陵村刘湾26号,,,武汉天人合一奇石博物馆,民办,114.0994269,30.5563041
2B2B589334FB49F398E649FFAB10CA52,武汉市江岸区芦沟桥路特一号,,,武汉钻石艺术博物馆,民办,114.3132501,30.60582108
04218036D23F4ED5BDC5D6BCACBB2208,武汉市青山区白玉山街张公山寨,,,武汉李庄古建筑博物馆,民办,114.5056399,30.5894825
D57C2117AD2A437086DFA996FDBC2A03,武汉市青年路285号,,,武汉达临性学博物馆,民办,114.262602,30.60073681
1A4832BAE3BE4C259DEEDD5D72634DE4,武汉市汉阳洗马长街86号,,,武汉大禹文化博物馆,国有,114.2845903,30.55555073
E9688526472E4B429846F1886C961BC2,武汉市东湖风景区磨山景区,,,武汉东湖荷花博物馆,行业,114.4082329,30.54829215
3A2DBE63E74949FEA2A97DA48262B340,武汉市武昌区张之洞路1号武汉音乐学院,,,湖北音乐博物馆,高校,114.2914627,30.53576892
14BDFE1EA926480D88920874D75328AD,武汉市新洲区阳逻经济开发区汉施路1号,,,武汉生物工程学院博物馆,高校,114.5272782,30.71436605
648A62865DE04FC38FCC14C5266298B4,江岸区鄱阳街139号,,,八七会议会址纪念馆,国有,114.29984,30.58661773
648A62865DE04FC38FCC14C5266298B4,江岸区鄱阳街139号,,,八七会议会址纪念馆,国有,114.29984,30.58661773
FE9FD158EEA040AA970763D9A1BEEBCB,武汉市黄陂区前川街前川大道57号,,,武汉市黄陂区博物馆,国有,114.3810895,30.86924147
8E7D4C5D8AE847AA965EE2646B169127,武汉市汉阳区龙灯堤特1号,,,张之洞与汉阳铁厂博物馆,行业,114.2215775,30.55465538
66F5CF40D8AD48DA84FDED11799223BF,武汉市汉阳区汉阳大道38号,,,武汉桥文化博物馆,行业,114.2725196,30.55010678
177FEAC878FB48D784249C54F5285BE6,武汉市东湖宾馆内,,,武汉东湖毛泽东旧居陈列馆,行业,114.2846895,30.60468337
CD69035359294C4396ABAD9BC76763B3,武汉市青山区殡仪馆,,,武汉殡仪民俗文化博物馆,行业,114.4233284,30.62391933
BF695F99FFD94D23B05F2EA739C78132,武汉市东湖高新技术开发区南湖大道182号,,,中南财经政法大学中国货币金融历史博物馆,高校,114.384889,30.47422285
65376923B5E8458480BF8CB099D71A02,湖北省武汉市洪山区鲁磨路388号,,,中国地质大学逸夫博物馆,高校,114.400747,30.51752239
D6B7A652926147E79DEF6ABB39F134A9,武汉市武昌区友谊大道368号,,,湖北大学博物馆,高校,114.3347389,30.57825159
26826E0F6E784DA5A02B300F32DCF1BF,武汉市洪山区华中师范大学,,,华中师范大学博物馆,高校,114.3611608,30.51987262
359670A64EC945C8AFBD8A946CBDEDA3,武汉市江夏区江夏大道34号A-1栋,,,武汉虞小风指画博物馆,民办,114.3681841,30.393479
C22678AC69EF41BD9A08A3D803312ED8,武汉市武昌区民主路鸿翔巷1号,,,武汉道一堂中医药博物馆,民办,114.2950875,30.54765271
02C5B752E1244991896E6C8C600E9D1D,武昌昙华林,,,武汉三汉雕塑艺术博物馆,民办,114.3095791,30.55225658
02169BAF54EF450F8CE681B9B5E47195,东湖生态旅游风景区,,,武汉凡氏老相机博物馆,民办,114.4124239,30.55389565
FE9FD158EEA040AA970763D9A1BEEBCB,武汉市黄陂区前川街前川大道57号,,,武汉市黄陂区博物馆,国有,114.3810895,30.86924147
8E7D4C5D8AE847AA965EE2646B169127,武汉市汉阳区龙灯堤特1号,,,张之洞与汉阳铁厂博物馆,行业,114.2215775,30.55465538
66F5CF40D8AD48DA84FDED11799223BF,武汉市汉阳区汉阳大道38号,,,武汉桥文化博物馆,行业,114.2725196,30.55010678
177FEAC878FB48D784249C54F5285BE6,武汉市东湖宾馆内,,,武汉东湖毛泽东旧居陈列馆,行业,114.2846895,30.60468337
CD69035359294C4396ABAD9BC76763B3,武汉市青山区殡仪馆,,,武汉殡仪民俗文化博物馆,行业,114.4233284,30.62391933
BF695F99FFD94D23B05F2EA739C78132,武汉市东湖高新技术开发区南湖大道182号,,,中南财经政法大学中国货币金融历史博物馆,高校,114.384889,30.47422285
65376923B5E8458480BF8CB099D71A02,湖北省武汉市洪山区鲁磨路388号,,,中国地质大学逸夫博物馆,高校,114.400747,30.51752239
D6B7A652926147E79DEF6ABB39F134A9,武汉市武昌区友谊大道368号,,,湖北大学博物馆,高校,114.3347389,30.57825159
26826E0F6E784DA5A02B300F32DCF1BF,武汉市洪山区华中师范大学,,,华中师范大学博物馆,高校,114.3611608,30.51987262
359670A64EC945C8AFBD8A946CBDEDA3,武汉市江夏区江夏大道34号A-1栋,,,武汉虞小风指画博物馆,民办,114.3681841,30.393479
C22678AC69EF41BD9A08A3D803312ED8,武汉市武昌区民主路鸿翔巷1号,,,武汉道一堂中医药博物馆,民办,114.2950875,30.54765271
02C5B752E1244991896E6C8C600E9D1D,武昌昙华林,,,武汉三汉雕塑艺术博物馆,民办,114.3095791,30.55225658
02169BAF54EF450F8CE681B9B5E47195,东湖生态旅游风景区,,,武汉凡氏老相机博物馆,民办,114.4124239,30.55389565
FE9FD158EEA040AA970763D9A1BEEBCB,武汉市黄陂区前川街前川大道57号,,,武汉市黄陂区博物馆,国有,114.3810895,30.86924147
8E7D4C5D8AE847AA965EE2646B169127,武汉市汉阳区龙灯堤特1号,,,张之洞与汉阳铁厂博物馆,行业,114.2215775,30.55465538
66F5CF40D8AD48DA84FDED11799223BF,武汉市汉阳区汉阳大道38号,,,武汉桥文化博物馆,行业,114.2725196,30.55010678
177FEAC878FB48D784249C54F5285BE6,武汉市东湖宾馆内,,,武汉东湖毛泽东旧居陈列馆,行业,114.2846895,30.60468337
CD69035359294C4396ABAD9BC76763B3,武汉市青山区殡仪馆,,,武汉殡仪民俗文化博物馆,行业,114.4233284,30.62391933
BF695F99FFD94D23B05F2EA739C78132,武汉市东湖高新技术开发区南湖大道182号,,,中南财经政法大学中国货币金融历史博物馆,高校,114.384889,30.47422285
65376923B5E8458480BF8CB099D71A02,湖北省武汉市洪山区鲁磨路388号,,,中国地质大学逸夫博物馆,高校,114.400747,30.51752239
D6B7A652926147E79DEF6ABB39F134A9,武汉市武昌区友谊大道368号,,,湖北大学博物馆,高校,114.3347389,30.57825159
26826E0F6E784DA5A02B300F32DCF1BF,武汉市洪山区华中师范大学,,,华中师范大学博物馆,高校,114.3611608,30.51987262
359670A64EC945C8AFBD8A946CBDEDA3,武汉市江夏区江夏大道34号A-1栋,,,武汉虞小风指画博物馆,民办,114.3681841,30.393479
C22678AC69EF41BD9A08A3D803312ED8,武汉市武昌区民主路鸿翔巷1号,,,武汉道一堂中医药博物馆,民办,114.2950875,30.54765271
02C5B752E1244991896E6C8C600E9D1D,武昌昙华林,,,武汉三汉雕塑艺术博物馆,民办,114.3095791,30.55225658
02169BAF54EF450F8CE681B9B5E47195,东湖生态旅游风景区,,,武汉凡氏老相机博物馆,民办,114.4124239,30.55389565
FE9FD158EEA040AA970763D9A1BEEBCB,武汉市黄陂区前川街前川大道57号,,,武汉市黄陂区博物馆,国有,114.3810895,30.86924147
8E7D4C5D8AE847AA965EE2646B169127,武汉市汉阳区龙灯堤特1号,,,张之洞与汉阳铁厂博物馆,行业,114.2215775,30.55465538
BF695F99FFD94D23B05F2EA739C78132,武汉市东湖高新技术开发区南湖大道182号,,,中南财经政法大学中国货币金融历史博物馆,高校,114.384889,30.47422285
65376923B5E8458480BF8CB099D71A02,湖北省武汉市洪山区鲁磨路388号,,,中国地质大学逸夫博物馆,高校,114.400747,30.51752239
D6B7A652926147E79DEF6ABB39F134A9,武汉市武昌区友谊大道368号,,,湖北大学博物馆,高校,114.3347389,30.57825159
26826E0F6E784DA5A02B300F32DCF1BF,武汉市洪山区华中师范大学,,,华中师范大学博物馆,高校,114.3611608,30.51987262
359670A64EC945C8AFBD8A946CBDEDA3,武汉市江夏区江夏大道34号A-1栋,,,武汉虞小风指画博物馆,民办,114.3681841,30.393479
C22678AC69EF41BD9A08A3D803312ED8,武汉市武昌区民主路鸿翔巷1号,,,武汉道一堂中医药博物馆,民办,114.2950875,30.54765271
02C5B752E1244991896E6C8C600E9D1D,武昌昙华林,,,武汉三汉雕塑艺术博物馆,民办,114.3095791,30.55225658
02169BAF54EF450F8CE681B9B5E47195,东湖生态旅游风景区,,,武汉凡氏老相机博物馆,民办,114.4124239,30.55389565
FE9FD158EEA040AA970763D9A1BEEBCB,武汉市黄陂区前川街前川大道57号,,,武汉市黄陂区博物馆,国有,114.3810895,30.86924147
8E7D4C5D8AE847AA965EE2646B169127,武汉市汉阳区龙灯堤特1号,,,张之洞与汉阳铁厂博物馆,行业,114.2215775,30.55465538
66F5CF40D8AD48DA84FDED11799223BF,武汉市汉阳区汉阳大道38号,,,武汉桥文化博物馆,行业,114.2725196,30.55010678
177FEAC878FB48D784249C54F5285BE6,武汉市东湖宾馆内,,,武汉东湖毛泽东旧居陈列馆,行业,114.2846895,30.60468337
CD69035359294C4396ABAD9BC76763B3,武汉市青山区殡仪馆,,,武汉殡仪民俗文化博物馆,行业,114.4233284,30.62391933
BF695F99FFD94D23B05F2EA739C78132,武汉市东湖高新技术开发区南湖大道182号,,,中南财经政法大学中国货币金融历史博物馆,高校,114.384889,30.47422285
65376923B5E8458480BF8CB099D71A02,湖北省武汉市洪山区鲁磨路388号,,,中国地质大学逸夫博物馆,高校,114.400747,30.51752239
D6B7A652926147E79DEF6ABB39F134A9,武汉市武昌区友谊大道368号,,,湖北大学博物馆,高校,114.3347389,30.57825159
26826E0F6E784DA5A02B300F32DCF1BF,武汉市洪山区华中师范大学,,,华中师范大学博物馆,高校,114.3611608,30.51987262
359670A64EC945C8AFBD8A946CBDEDA3,武汉市江夏区江夏大道34号A-1栋,,,武汉虞小风指画博物馆,民办,114.3681841,30.393479
C22678AC69EF41BD9A08A3D803312ED8,武汉市武昌区民主路鸿翔巷1号,,,武汉道一堂中医药博物馆,民办,114.2950875,30.54765271
02C5B752E1244991896E6C8C600E9D1D,武昌昙华林,,,武汉三汉雕塑艺术博物馆,民办,114.3095791,30.55225658
02169BAF54EF450F8CE681B9B5E47195,东湖生态旅游风景区,,,武汉凡氏老相机博物馆,民办,114.4124239,30.55389565
FE9FD158EEA040AA970763D9A1BEEBCB,武汉市黄陂区前川街前川大道57号,,,武汉市黄陂区博物馆,国有,114.3810895,30.86924147
8E7D4C5D8AE847AA965EE2646B169127,武汉市汉阳区龙灯堤特1号,,,张之洞与汉阳铁厂博物馆,行业,114.2215775,30.55465538
66F5CF40D8AD48DA84FDED11799223BF,武汉市汉阳区汉阳大道38号,,,武汉桥文化博物馆,行业,114.2725196,30.55010678
177FEAC878FB48D784249C54F5285BE6,武汉市东湖宾馆内,,,武汉东湖毛泽东旧居陈列馆,行业,114.2846895,30.60468337
CD69035359294C4396ABAD9BC76763B3,武汉市青山区殡仪馆,,,武汉殡仪民俗文化博物馆,行业,114.4233284,30.62391933
BF695F99FFD94D23B05F2EA739C78132,武汉市东湖高新技术开发区南湖大道182号,,,中南财经政法大学中国货币金融历史博物馆,高校,114.384889,30.47422285
65376923B5E8458480BF8CB099D71A02,湖北省武汉市洪山区鲁磨路388号,,,中国地质大学逸夫博物馆,高校,114.400747,30.51752239
D6B7A652926147E79DEF6ABB39F134A9,武汉市武昌区友谊大道368号,,,湖北大学博物馆,高校,114.3347389,30.57825159
26826E0F6E784DA5A02B300F32DCF1BF,武汉市洪山区华中师范大学,,,华中师范大学博物馆,高校,114.3611608,30.51987262
359670A64EC945C8AFBD8A946CBDEDA3,武汉市江夏区江夏大道34号A-1栋,,,武汉虞小风指画博物馆,民办,114.3681841,30.393479
C22678AC69EF41BD9A08A3D803312ED8,武汉市武昌区民主路鸿翔巷1号,,,武汉道一堂中医药博物馆,民办,114.2950875,30.54765271
02C5B752E1244991896E6C8C600E9D1D,武昌昙华林,,,武汉三汉雕塑艺术博物馆,民办,114.3095791,30.55225658
02169BAF54EF450F8CE681B9B5E47195,东湖生态旅游风景区,,,武汉凡氏老相机博物馆,民办,114.4124239,30.55389565
FE9FD158EEA040AA970763D9A1BEEBCB,武汉市黄陂区前川街前川大道57号,,,武汉市黄陂区博物馆,国有,114.3810895,30.86924147
8E7D4C5D8AE847AA965EE2646B169127,武汉市汉阳区龙灯堤特1号,,,张之洞与汉阳铁厂博物馆,行业,114.2215775,30.55465538
66F5CF40D8AD48DA84FDED11799223BF,武汉市汉阳区汉阳大道38号,,,武汉桥文化博物馆,行业,114.2725196,30.55010678
177FEAC878FB48D784249C54F5285BE6,武汉市东湖宾馆内,,,武汉东湖毛泽东旧居陈列馆,行业,114.2846895,30.60468337
CD69035359294C4396ABAD9BC76763B3,武汉市青山区殡仪馆,,,武汉殡仪民俗文化博物馆,行业,114.4233284,30.62391933
BF695F99FFD94D23B05F2EA739C78132,武汉市东湖高新技术开发区南湖大道182号,,,中南财经政法大学中国货币金融历史博物馆,高校,114.384889,30.47422285
65376923B5E8458480BF8CB099D71A02,湖北省武汉市洪山区鲁磨路388号,,,中国地质大学逸夫博物馆,高校,114.400747,30.51752239
D6B7A652926147E79DEF6ABB39F134A9,武汉市武昌区友谊大道368号,,,湖北大学博物馆,高校,114.3347389,30.57825159
26826E0F6E784DA5A02B300F32DCF1BF,武汉市洪山区华中师范大学,,,华中师范大学博物馆,高校,114.3611608,30.51987262
359670A64EC945C8AFBD8A946CBDEDA3,武汉市江夏区江夏大道34号A-1栋,,,武汉虞小风指画博物馆,民办,114.3681841,30.393479
C22678AC69EF41BD9A08A3D803312ED8,武汉市武昌区民主路鸿翔巷1号,,,武汉道一堂中医药博物馆,民办,114.2950875,30.54765271
02C5B752E1244991896E6C8C600E9D1D,武昌昙华林,,,武汉三汉雕塑艺术博物馆,民办,114.3095791,30.55225658
02169BAF54EF450F8CE681B9B5E47195,东湖生态旅游风景区,,,武汉凡氏老相机博物馆,民办,114.4124239,30.55389565
FE9FD158EEA040AA970763D9A1BEEBCB,武汉市黄陂区前川街前川大道57号,,,武汉市黄陂区博物馆,国有,114.3810895,30.86924147
8E7D4C5D8AE847AA965EE2646B169127,武汉市汉阳区龙灯堤特1号,,,张之洞与汉阳铁厂博物馆,行业,114.2215775,30.55465538
66F5CF40D8AD48DA84FDED11799223BF,武汉市汉阳区汉阳大道38号,,,武汉桥文化博物馆,行业,114.2725196,30.55010678
177FEAC878FB48D784249C54F5285BE6,武汉市东湖宾馆内,,,武汉东湖毛泽东旧居陈列馆,行业,114.2846895,30.60468337
CD69035359294C4396ABAD9BC76763B3,武汉市青山区殡仪馆,,,武汉殡仪民俗文化博物馆,行业,114.4233284,30.62391933
BF695F99FFD94D23B05F2EA739C78132,武汉市东湖高新技术开发区南湖大道182号,,,中南财经政法大学中国货币金融历史博物馆,高校,114.384889,30.47422285
65376923B5E8458480BF8CB099D71A02,湖北省武汉市洪山区鲁磨路388号,,,中国地质大学逸夫博物馆,高校,114.400747,30.51752239
D6B7A652926147E79DEF6ABB39F134A9,武汉市武昌区友谊大道368号,,,湖北大学博物馆,高校,114.3347389,30.57825159
26826E0F6E784DA5A02B300F32DCF1BF,武汉市洪山区华中师范大学,,,华中师范大学博物馆,高校,114.3611608,30.51987262
359670A64EC945C8AFBD8A946CBDEDA3,武汉市江夏区江夏大道34号A-1栋,,,武汉虞小风指画博物馆,民办,114.3681841,30.393479
C22678AC69EF41BD9A08A3D803312ED8,武汉市武昌区民主路鸿翔巷1号,,,武汉道一堂中医药博物馆,民办,114.2950875,30.54765271
02C5B752E1244991896E6C8C600E9D1D,武昌昙华林,,,武汉三汉雕塑艺术博物馆,民办,114.3095791,30.55225658
02169BAF54EF450F8CE681B9B5E47195,东湖生态旅游风景区,,,武汉凡氏老相机博物馆,民办,114.4124239,30.55389565
FE9FD158EEA040AA970763D9A1BEEBCB,武汉市黄陂区前川街前川大道57号,,,武汉市黄陂区博物馆,国有,114.3810895,30.86924147
8E7D4C5D8AE847AA965EE2646B169127,武汉市汉阳区龙灯堤特1号,,,张之洞与汉阳铁厂博物馆,行业,114.2215775,30.55465538
66F5CF40D8AD48DA84FDED11799223BF,武汉市汉阳区汉阳大道38号,,,武汉桥文化博物馆,行业,114.2725196,30.55010678
177FEAC878FB48D784249C54F5285BE6,武汉市东湖宾馆内,,,武汉东湖毛泽东旧居陈列馆,行业,114.2846895,30.60468337
CD69035359294C4396ABAD9BC76763B3,武汉市青山区殡仪馆,,,武汉殡仪民俗文化博物馆,行业,114.4233284,30.62391933
BF695F99FFD94D23B05F2EA739C78132,武汉市东湖高新技术开发区南湖大道182号,,,中南财经政法大学中国货币金融历史博物馆,高校,114.384889,30.47422285
65376923B5E8458480BF8CB099D71A02,湖北省武汉市洪山区鲁磨路388号,,,中国地质大学逸夫博物馆,高校,114.400747,30.51752239
D6B7A652926147E79DEF6ABB39F134A9,武汉市武昌区友谊大道368号,,,湖北大学博物馆,高校,114.3347389,30.57825159
26826E0F6E784DA5A02B300F32DCF1BF,武汉市洪山区华中师范大学,,,华中师范大学博物馆,高校,114.3611608,30.51987262
359670A64EC945C8AFBD8A946CBDEDA3,武汉市江夏区江夏大道34号A-1栋,,,武汉虞小风指画博物馆,民办,114.3681841,30.393479
C22678AC69EF41BD9A08A3D803312ED8,武汉市武昌区民主路鸿翔巷1号,,,武汉道一堂中医药博物馆,民办,114.2950875,30.54765271
02C5B752E1244991896E6C8C600E9D1D,武昌昙华林,,,武汉三汉雕塑艺术博物馆,民办,114.3095791,30.55225658
02169BAF54EF450F8CE681B9B5E47195,东湖生态旅游风景区,,,武汉凡氏老相机博物馆,民办,114.4124239,30.55389565
66F5CF40D8AD48DA84FDED11799223BF,武汉市汉阳区汉阳大道38号,,,武汉桥文化博物馆,行业,114.2725196,30.55010678
177FEAC878FB48D784249C54F5285BE6,武汉市东湖宾馆内,,,武汉东湖毛泽东旧居陈列馆,行业,114.2846895,30.60468337
CD69035359294C4396ABAD9BC76763B3,武汉市青山区殡仪馆,,,武汉殡仪民俗文化博物馆,行业,114.4233284,30.62391933
BF695F99FFD94D23B05F2EA739C78132,武汉市东湖高新技术开发区南湖大道182号,,,中南财经政法大学中国货币金融历史博物馆,高校,114.384889,30.47422285
65376923B5E8458480BF8CB099D71A02,湖北省武汉市洪山区鲁磨路388号,,,中国地质大学逸夫博物馆,高校,114.400747,30.51752239
D6B7A652926147E79DEF6ABB39F134A9,武汉市武昌区友谊大道368号,,,湖北大学博物馆,高校,114.3347389,30.57825159
26826E0F6E784DA5A02B300F32DCF1BF,武汉市洪山区华中师范大学,,,华中师范大学博物馆,高校,114.3611608,30.51987262
359670A64EC945C8AFBD8A946CBDEDA3,武汉市江夏区江夏大道34号A-1栋,,,武汉虞小风指画博物馆,民办,114.3681841,30.393479
C22678AC69EF41BD9A08A3D803312ED8,武汉市武昌区民主路鸿翔巷1号,,,武汉道一堂中医药博物馆,民办,114.2950875,30.54765271
02C5B752E1244991896E6C8C600E9D1D,武昌昙华林,,,武汉三汉雕塑艺术博物馆,民办,114.3095791,30.55225658
02169BAF54EF450F8CE681B9B5E47195,东湖生态旅游风景区,,,武汉凡氏老相机博物馆,民办,114.4124239,30.55389565
FE9FD158EEA040AA970763D9A1BEEBCB,武汉市黄陂区前川街前川大道57号,,,武汉市黄陂区博物馆,国有,114.3810895,30.86924147
8E7D4C5D8AE847AA965EE2646B169127,武汉市汉阳区龙灯堤特1号,,,张之洞与汉阳铁厂博物馆,行业,114.2215775,30.55465538
66F5CF40D8AD48DA84FDED11799223BF,武汉市汉阳区汉阳大道38号,,,武汉桥文化博物馆,行业,114.2725196,30.55010678
177FEAC878FB48D784249C54F5285BE6,武汉市东湖宾馆内,,,武汉东湖毛泽东旧居陈列馆,行业,114.2846895,30.60468337
CD69035359294C4396ABAD9BC76763B3,武汉市青山区殡仪馆,,,武汉殡仪民俗文化博物馆,行业,114.4233284,30.62391933
BF695F99FFD94D23B05F2EA739C78132,武汉市东湖高新技术开发区南湖大道182号,,,中南财经政法大学中国货币金融历史博物馆,高校,114.384889,30.47422285
65376923B5E8458480BF8CB099D71A02,湖北省武汉市洪山区鲁磨路388号,,,中国地质大学逸夫博物馆,高校,114.400747,30.51752239
D6B7A652926147E79DEF6ABB39F134A9,武汉市武昌区友谊大道368号,,,湖北大学博物馆,高校,114.3347389,30.57825159
26826E0F6E784DA5A02B300F32DCF1BF,武汉市洪山区华中师范大学,,,华中师范大学博物馆,高校,114.3611608,30.51987262
359670A64EC945C8AFBD8A946CBDEDA3,武汉市江夏区江夏大道34号A-1栋,,,武汉虞小风指画博物馆,民办,114.3681841,30.393479
C22678AC69EF41BD9A08A3D803312ED8,武汉市武昌区民主路鸿翔巷1号,,,武汉道一堂中医药博物馆,民办,114.2950875,30.54765271
02C5B752E1244991896E6C8C600E9D1D,武昌昙华林,,,武汉三汉雕塑艺术博物馆,民办,114.3095791,30.55225658
02169BAF54EF450F8CE681B9B5E47195,东湖生态旅游风景区,,,武汉凡氏老相机博物馆,民办,114.4124239,30.55389565
FE9FD158EEA040AA970763D9A1BEEBCB,武汉市黄陂区前川街前川大道57号,,,武汉市黄陂区博物馆,国有,114.3810895,30.86924147
8E7D4C5D8AE847AA965EE2646B169127,武汉市汉阳区龙灯堤特1号,,,张之洞与汉阳铁厂博物馆,行业,114.2215775,30.55465538
66F5CF40D8AD48DA84FDED11799223BF,武汉市汉阳区汉阳大道38号,,,武汉桥文化博物馆,行业,114.2725196,30.55010678
177FEAC878FB48D784249C54F5285BE6,武汉市东湖宾馆内,,,武汉东湖毛泽东旧居陈列馆,行业,114.2846895,30.60468337
CD69035359294C4396ABAD9BC76763B3,武汉市青山区殡仪馆,,,武汉殡仪民俗文化博物馆,行业,114.4233284,30.62391933
BF695F99FFD94D23B05F2EA739C78132,武汉市东湖高新技术开发区南湖大道182号,,,中南财经政法大学中国货币金融历史博物馆,高校,114.384889,30.47422285
65376923B5E8458480BF8CB099D71A02,湖北省武汉市洪山区鲁磨路388号,,,中国地质大学逸夫博物馆,高校,114.400747,30.51752239
D6B7A652926147E79DEF6ABB39F134A9,武汉市武昌区友谊大道368号,,,湖北大学博物馆,高校,114.3347389,30.57825159
26826E0F6E784DA5A02B300F32DCF1BF,武汉市洪山区华中师范大学,,,华中师范大学博物馆,高校,114.3611608,30.51987262
359670A64EC945C8AFBD8A946CBDEDA3,武汉市江夏区江夏大道34号A-1栋,,,武汉虞小风指画博物馆,民办,114.3681841,30.393479
C22678AC69EF41BD9A08A3D803312ED8,武汉市武昌区民主路鸿翔巷1号,,,武汉道一堂中医药博物馆,民办,114.2950875,30.54765271
02C5B752E1244991896E6C8C600E9D1D,武昌昙华林,,,武汉三汉雕塑艺术博物馆,民办,114.3095791,30.55225658
02169BAF54EF450F8CE681B9B5E47195,东湖生态旅游风景区,,,武汉凡氏老相机博物馆,民办,114.4124239,30.55389565
FE9FD158EEA040AA970763D9A1BEEBCB,武汉市黄陂区前川街前川大道57号,,,武汉市黄陂区博物馆,国有,114.3810895,30.86924147
8E7D4C5D8AE847AA965EE2646B169127,武汉市汉阳区龙灯堤特1号,,,张之洞与汉阳铁厂博物馆,行业,114.2215775,30.55465538
66F5CF40D8AD48DA84FDED11799223BF,武汉市汉阳区汉阳大道38号,,,武汉桥文化博物馆,行业,114.2725196,30.55010678
177FEAC878FB48D784249C54F5285BE6,武汉市东湖宾馆内,,,武汉东湖毛泽东旧居陈列馆,行业,114.2846895,30.60468337
CD69035359294C4396ABAD9BC76763B3,武汉市青山区殡仪馆,,,武汉殡仪民俗文化博物馆,行业,114.4233284,30.62391933
